motifstart	motifend	siteStart	siteEnd	UniproId	EnsemblId	OrthodbId	GeneCardsId	OmaId	Sequence
148	150	135	154	P28221	 ENSP00000363748	 703991at2759	 HTR1D	 GSPLFMN	MSPLNQSAEGLPQEASNRSLNATETSEAWDPRTLQALKISLAVVLSVITLATVLSNAFVLTTILLTRKLHTPANYLIGSLATTDLLVSILVMPISIAYTITHTWNFGQILCDIWLSSDITCCTASILHLCVIALDRYWAITDALEYSKRRTAGHAATMIAIVWAISICISIPPLFWRQAKAQEEMSDCLVNTSQISYTIYSTCGAFYIPSVLLIILYGRIYRAARNRILNPPSLYGKRFTTAHLITGSAGSSLCSLNSSLHEGHSHSAGSPLFFNHVKIKLADSALERKRISAARERKATKILGIILGAFIICWLPFFVVSLVLPICRDSCWIHPALFDFFTWLGYLNSLINPIIYTVFNEEFRQAFQKIVPFRKAS
408	410	328	465	Q15825	 ENSP00000433871	 381858at2759	 CHRNA6	 KYDGMIT	MLTSKGQGFLHGGLCLWLCVFTPFFKGCVGCATEERLFHKLFSHYNQFIRPVENVSDPVTVHFEVAITQLANVDEVNQIMETNLWLRHIWNDYKLRWDPMEYDGIETLRVPADKIWKPDIVLYNNAVGDFQVEGKTKALLKYNGMITWTPPAIFKSSCPMDITFFPFDHQNCSLKFGSWTYDKAEIDLLIIGSKVDMNDFWENSEWEIIDASGYKHDIKYNCCEEIYTDITYSFYIRRLPMFYTINLIIPCLFISFLTVLVFYLPSDCGEKVTLCISVLLSLTVFLLVITETIPSTSLVVPLVGEYLLFTMIFVTLSIVVTVFVLNIHYRTPTTHTMPRWVKTVFLKLLPQVLLMRWPLDKTRGTGSDAVPRGLARRPAKGKLASHGEPRHLKECFHCHKSNELATSKRRLSHQPLQWVVENSEHSPEVEDVINSVQFIAENMKSHNETKEVEDDWKYVAMVVDRVFLWVFIIVCVFGTAGLFLQPLLGNTGKS
439	441	422	460	P11229	 ENSP00000441188		 CHRM1	 RCCRTPR	MNTSAPPAVSPNITVLAPGKGPWQVAFIGITTGLLSLATVTGNLLVLISFKVNTELKTVNNYFLLSLACADLIIGTFSMNLYTTYLLMGHWALGTLACDLWLALDYVASNASVMNLLLISFDRYFSVTRPLSYRAKRTPRRAALMIGLAWLVSFVLWAPAILFWQYLVGERTVLAGQCYIQFLSQPIITFGTAMAAFYLPVTVMCTLYWRIYRETENRARELAALQGSETPGKGGGSSSSSERSQPGAEGSPETPPGRCCRCCRAPRLLQAYSWKEEEEEDEGSMESLTSSEGEEPGSEVVIKMPMVDPEAQAPTKQPPRSSPNTVKRPTKKGRDRAGKGQKPRGKEQLAKRKTFSLVKEKKAARTLSAILLAFILTWTPYNIMVLVSTFCKDCVPETLWELGYWLCYVNSTINPMCYALCNKAFRDTFRLLLLCRWDKRRWRKIPKRPGSVHRTPSRQC
567	569	547	590	P20309	 ENSP00000502013	 1245472at2759	 CHRM3	 PPDECFI	MTLHNNSTTSPLFPNISSSWIHSPSDAGLPPGTVTHFGSYNVSRAAGNFSSPDGTTDDPLGGHTVWQVVFIAFLTGILALVTIIGNILVIVSFKVNKQLKTVNNYFLLSLACADLIIGVISMNLFTTYIIMNRWALGNLACDLWLAIDYVASNASVMNLLVISFDRYFSITRPLTYRAKRTTKRAGVMIGLAWVISFVLWAPAILFWQYFVGKRTVPPGECFIQFLSEPTITFGTAIAAFYMPVTIMTILYWRIYKETEKRTKELAGLQASGTEAETENFVHPTGSSRSCSSYELQQQSMKRSNRRKYGRCHFWFTTKSWKPSSEQMDQDHSSSDSWNNNDAAASLENSASSDEEDIGSETRAIYSIVLKLPGHSTILNSTKLPSSDNLQVPEEELGMVDLERKADKLQAQKSVDDGGSFPKSFSKLPIQLESAVDTAKTSDVNSSVGKSTATLPLSFKEATLAKRFALKTRSQITKRKRMSLVKEKKAAQTLSAILLAFIITWTPYNIMVLVNTFCDSCIPKTFWNLGYWLCYINSTVNPVCYALCNKTFRTTFKMLLLCQCDKKKRRKQQYQQRQSVIFHKRAPEQAL
150	152	147	509	Q04771	 ENSP00000507730	 1299087at2759	 ACVR1	 VFERGCI	MVDGVMILPVLIMIALPSPSMEDEKPKVNPKLYMCVCEGLSCGNEDHCEGQQCFSSLSINDGFHVYQKGCFQVYEQGKMTCKTPPSPGQAVECCQGDWCNRNITAQLPTKGKSFPGTQNFHLEVGLIILSVVFAVCLLACLLGVALRKFKRRNQERLNPRDVEYGTIEGLITTNVGDSTLADLLDHSCTSGSGSGLPFLVQRTVARQITLLECVGKGRYGEVWRGSWQGENVAVKIFSSRDEKSWFRETELYNTVMLRHENILGFIASDMTSRHSSTQLWLITHYHEMGSLYDYLQLTTLDTVSCLRIVLSIASGLAHLHIEIFGTQGKPAIAHRDLKSKNILVKKNGQCCIADLGLAVMHSQSTNQLDVGNNPRVGTKRYMAPEVLDETIQVDCFDSYKRVDIWAFGLVLWEVARRMVSNGIVEDYKPPFYDVVPNDPSFEDMRKVVCVDQQRPNIPNRWFSDPTLTSLAKLMKECWYQNPSARLTALRIKKTLTKIDNSLDKLKTDC
721	723	694	748	O14672	 ENSP00000260408		 ADAM10	 YTGHIYV	MVLLRVLILLLSWAAGMGGQYGNPLNKYIRHYEGLSYNVDSLHQKHQRAKRAVSHEDQFLRLDFHAHGRHFNLRMKRDTSLFSDEFKVETSNKVLDYDTSHIYTGHIYGEEGSFSHGSVIDGRFEGFIQTRGGTFYVEPAERYIKDRTLPFHSVIYHEDDINYPHKYGPQGGCADHSVFERMRKYQMTGVEEVTQIPQEEHAANGPELLRKKRTTSAEKNTCQLYIQTDHLFFKYYGTREAVIAQISSHVKAIDTIYQTTDFSGIRNISFMVKRIRINTTADEKDPTNPFRFPNIGVEKFLELNSEQNHDDYCLAYVFTDRDFDDGVLGLAWVGAPSGSSGGICEKSKLYSDGKKKSLNTGIITVQNYGSHVPPKVSHITFAHEVGHNFGSPHDSGTECTPGESKNLGQKENGNYIMYARATSGDKLNNNKFSLCSIRNISQVLEKKRNNCFVESGQPICGNGMVEQGEECDCGYSDQCKDECCFDANQPEGRKCKLKPGKQCSPSQGPCCTAQCAFKSKSEKCRDDSDCAREGICNGFTALCPASDPKPNFTDCNRHTQVCINGQCAGSICEKYGLEECTCASSDGKDDKELCHVCCMKKMDPSTCASTGSVQWSRHFSGRTITLQPGSPCNDFRGYCDVFMRCRLVDADGPLARLKKAIFSPELYENIAEWIVAHWWAVLLMGIALIMLMAGFIKICSVHTPSSNPKLPPPKPLPGTLKRRRPPQPIQQPQRQRPRESYQMGHMRR
821	823	814	832	O75077	 ENSP00000264377	 162519at2759	 ADAM23	 FFGGVCS	MKPPGSSSRQPPLAGCSLAGASCGPQRGPAGSVPASAPARTPPCRLLLVLLLLPPLAASSRPRAWGAAAPSAPHWNETAEKNLGVLADEDNTLQQNSSSNISYSNAMQKEITLPSRLIYYINQDSESPYHVLDTKARHQQKHNKAVHLAQASFQIEAFGSKFILDLILNNGLLSSDYVEIHYENGKPQYSKGGEHCYYHGSIRGVKDSKVALSTCNGLHGMFEDDTFVYMIEPLELVHDEKSTGRPHIIQKTLAGQYSKQMKNLTMERGDQWPFLSELQWLKRRKRAVNPSRGIFEEMKYLELMIVNDHKTYKKHRSSHAHTNNFAKSVVNLVDSIYKEQLNTRVVLVAVETWTEKDQIDITTNPVQMLHEFSKYRQRIKQHADAVHLISRVTFHYKRSSLSYFGGVCSRTRGVGVNEYGLPMAVAQVLSQSLAQNLGIQWEPSSRKPKCDCTESWGGCIMEETGVSHSRKFSKCSILEYRDFLQRGGGACLFNRPTKLFEPTECGNGYVEAGEECDCGFHVECYGLCCKKCSLSNGAHCSDGPCCNNTSCLFQPRGYECRDAVNECDITEYCTGDSGQCPPNLHKQDGYACNQNQGRCYNGECKTRDNQCQYIWGTKAAGSDKFCYEKLNTEGTEKGNCGKDGDRWIQCSKHDVFCGFLLCTNLTRAPRIGQLQGEIIPTSFYHQGRVIDCSGAHVVLDDDTDVGYVEDGTPCGPSMMCLDRKCLQIQALNMSSCPLDSKGKVCSGHGVCSNEATCICDFTWAGTDCSIRDPVRNLHPPKDEGPKGPSATNLIIGSIAGAILVAAIVLGGTGWGFKNVKKRRFDPTQQGPI
239	241	233	389	P08913	 ENSP00000280155	 737211at2759	 ADRA2A	 NDKWYVI	MFRQEQPLAEGSFAPMGSLQPDAGNASWNGTEAPGGGARATPYSLQVTLTLVCLAGLLMLLTVFGNVLVIIAVFTSRALKAPQNLFLVSLASADILVATLVIPFSLANEVMGYWYFGKAWCEIYLALDVLFCTSSIVHLCAISLDRYWSITQAIEYNLKRTPRRIKAIIITVWVISAVISFPPLISIEKKGGGGGPQPAEPRCEINDQKWYVISSCIGSFFAPCLIMILVYVRIYQIAKRRTRVPPSRRGPDAVAAPPGGTERRPNGLGPERSAGPGGAEAEPLPTQLNGAPGEPAPAGPRDTDALDLEESSSSDHAERPPGPRRPERGPRGKGKARASQVKPGDSLPRRGPGATGIGTPAAGPGEERVGAAKASRWRGRQNREKRFTFVLAVVIGVFVVCWFPFFFTYTLTAVGCSVPRTLFKFFFWFGYCNSSLNPVIYTIFNHDFRRAFKKILCRGDRKRIV
535	537	235	610	Q08828	 ENSP00000297323	 594476at2759	 ADCY1	 PALPCES	MAGAPRGGGGGGGGAGEPGGAERAAGTSRRRGLRACDEEFACPELEALFRGYTLRLEQAATLKALAVLSLLAGALALAELLGAPGPAPGLAKGSHPVHCVLFLALLVVTNVRSLQVPQLQQVGQLALLFSLTFALLCCPFALGGPARGSAGAAGGPATAEQGVWQLLLVTFVSYALLPVRSLLAIGFGLVVAASHLLVTATLVPAKRPRLWRTLGANALLFVGVNMYGVFVRILTERSQRKAFLQARSCIEDRLRLEDENEKQERLLMSLLPRNVAMEMKEDFLKPPERIFHKIYIQRHDNVSILFADIVGFTGLASQCTAQELVKLLNELFGKFDELATENHCRRIKILGDCYYCVSGLTQPKTDHAHCCVEMGLDMIDTITSVAEATEVDLNMRVGLHTGRVLCGVLGLRKWQYDVWSNDVTLANVMEAAGLPGKVHITKTTLACLNGDYEVEPGYGHERNSFLKTHNIETFFIVPSHRRKIFPGLILSDIKPAKRMKFKTVCYLLVQLMHCRKMFKAEIPFSNVMTCEDDDKRRALRTASEKLRNRSSFSTNVVYTTPGTRVNRYISRLLEARQTELEMADLNFFTLKYKHVEREQKYHQLQDEYFTSAVVLTLILAALFGLVYLLIFPQSVVVLLLLVFCICFLVACVLYLHITRVQCFPGCLTIQIRTVLCIFIVVLIYSVAQGCVVGCLPWAWSSKPNSSLVVLSSGGQRTALPTLPCESTHHALLCCLVGTLPLAIFFRVSSLPKMILLSGLTTSYILVLELSGYTRTGGGAVSGRSYEPIVAILLFSCALALHARQVDIRLRLDYLWAAQAEEEREDMEKVKLDNRRILFNLLPAHVAQHFLMSNPRNMDLYYQSYSQVGVMFASIPNFNDFYIELDGNNMGVECLRLLNEIIADFDELMEKDFYKDIEKIKTIGSTYMAAVGLAPTSGTKAKKSISSHLSTLADFAIEMFDVLDEINYQSYNDFVLRVGINVGPVVAGVIGARRPQYDIWGNTVNVASRMDSTGVQGRIQVTEEVHRLLRRCPYHFVCRGKVSVKGKGEMLTYFLEGRTDGNGSQIRSLGLDRKMCPFGRAGLQGRRPPVCPMPGVSVRAGLPPHSPGQYLPSAAAGKEA
308	310	249	319	P08588	 ENSP00000358301	 750855at2759	 ADRB1		MGAGVLVLGASEPGNLSSAAPLPDGAATAARLLVPASPPASLLPPASESPEPLSQQWTAGMGLLMALIVLLIVAGNVLVIVAIAKTPRLQTLTNLFIMSLASADLVMGLLVVPFGATIVVWGRWEYGSFFCELWTSVDVLCVTASIETLCVIALDRYLAITSPFRYQSLLTRARARGLVCTVWAISALVSFLPILMHWWRAESDEARRCYNDPKCCDFVTNRAYAIASSVVSFYVPLCIMAFVYLRVFREAQKQVKKIDSCERRFLGGPARPPSPSPSPVPAPAPPPGPPRPAAAAATAPLANGRAGKRRPSRLVALREQKALKTLGIIMGVFTLCWLPFFLANVVKAFHRELVPDRLFVFFNWLGYANSAFNPIIYCRSPDFRKAFQRLLCCARRAARRRHATHGDRPRASGCLARPGPPPSPGAASDDDDDDVVGATPPARLLEPWAGCNGGAAADSDSSLDEPCRPGFASESKV
476	478	428	519	Q5XXA6	 ENSP00000435797	 1263362at2759	 ANO1	 QMDYHED	MRVNEKYSTLPAEDRSVHIINICAIEDIGYLPSEGTLLNSLSVDPDAECKYGLYFRDGRRKVDYILVYHHKRPSGNRTLVRRVQHSDTPSGARSVKQDHPLPGKGASLDAGSGEPPMDYHEDDKRFRREEYEGNLLEAGLELERDEDTKIHGVGFVKIHAPWNVLCREAEFLKLKMPTKKMYHINETRGLLKKINSVLQKITDPIQPKVAEHRPQTMKRLSYPFSREKQHLFDLSDKDSFFDSKTRSTIVYEILKRTTCTKAKYSMGITSLLANGVYAAAYPLHDGDYNGENVEFNDRKLLYEEWARYGVFYKYQPIDLVRKYFGEKIGLYFAWLGVYTQMLIPASIVGIIVFLYGCATMDENIPSMEMCDQRHNITMCPLCDKTCSYWKMSSACATARASHLFDNPATVFFSVFMALWAATFMEHWKRKQMRLNYRWDLTGFEEEEEAVKDHPRAEYEARVLEKSLKKESRNKEKRRHIPEESTNKWKQRVKTAMAGVKLTDKVKLTWRDRFPAYLTNLVSIIFMIAVTFAIVLGVIIYRISMAAALAMNSSPSVRSNIRVTVTATAVIINLVVIILLDEVYGCIARWLTKIEVPKTEKSFEERLIFKAFLLKFVNSYTPIFYVAFFKGRFVGRPGDYVYIFRSFRMEECAPGGCLMELCIQLSIIMLGKQLIQNNLFEIGIPKMKKLIRYLKLKQQSPPDHEECVKRKQRYEVDYNLEPFAGLTPEYMEMIIQFGFVTLFVASFPLAPLFALLNNIIEIRLDAKKFVTELRRPVAVRAKDIGIWYNILRGIGKLAVIINAFVISFTSDFIPRLVYLYMYSKNGTMHGFVNHTLSSFNVSDFQNGTAPNDPLDLGYEVQICRYKDYREPPWSENKYDISKDFWAVLAARLAFVIVFQNLVMFMSDFVDWVIPDIPKDISQQIHKEKVLMVELFMREEQDKQQLLETWMEKERQKDEPPCNHHNTKACPDSLGSPAPSHAYHGGVL
60	62	52	66	P35414	 ENSP00000475344	 788659at2759	 APLNR	 TVMLTCY	MEEGGDFDNYYGADNQSECEYTDWKSSGALIPAIYMLVFLLGTTGNGLVLWTVFRSSREKRRSADIFIASLAVADLTFVVTLPLWATYTYRDYDWPFGTFFCKLSSYLIFVNMYASVFCLTGLSFDRYLAIVRPVANARLRLRVSGAVATAVLWVLAALLAMPVMVLRTTGDLENTTKVQCYMDYSMVATVSSEWAWEVGLGVSSTTVGFVVPFTIMLTCYFFIAQTIAGHFRKERIEGLRKRRRLLSIIVVLVVTFALCWMPYHLVKTLYMLGSLLHWPCDFDLFLMNIFPYCTCISYVNSCLNPFLYAFFDPRFRQACTSMLCCGQSRCAGTSHSSSGEKSASYSSGHSQGPGPNMGKGGEQMHEKSIPYSQETLVVD
259	261	253	323	P55087	 ENSP00000500720	 1152704at2759	 AQP4	 NWTGTSI	MSDRPTARRWGKCGPLCTRENIMVAFKGVWTQAFWKAVTAEFLAMLIFVLLSLGSTINWGGTEKPLPVDMVLISLCFGLSIATMVQCFGHISGGHINPAVTVAMVCTRKISIAKSVFYIAAQCLGAIIGAGILYLVTPPSVVGGLGVTMVHGNLTAGHGLLVELIITFQLVFTIFASCDSKRTDVTGSIALAIGFSVAIGHLFAINYTGASMNPARSFGPAVIMGNWENHWIYWVGPIIGAVLAGGLYEYVFCPDVEFKRRFKEAFSKAAQQTKGSYMEVEDNRSQVETDDLILKPGVVHVIDVDRGEEKKGKDQSGEVLSSV
182	184	175	383	O14525	 ENSP00000395041	 39300at2759	 ASTN1	 SMIVRCL	MALAGLCALLACCWGPAAVLATAAGDVDPSKELECKLKSITVSALPFLRENDLSIMHSPSASEPKLLFSVRNDFPGEMVVVDDLENTELPYFVLEISGNTEDIPLVRWRQQWLENGTLLFHIHHQDGAPSLPGQDPTEEPQHESAEEELRILHISVMGGMIALLLSILCLVMILYTRRRWCKRRRVPQPQKSASAEAANEIHYIPSVLIGGHGRESLRNARVQGHNSSGTLSIRETPILDGYEYDITDLRHHLQRECMNGGEDFASQVTRTLDSLQGCNEKSGMDLTPGSDNAKLSLMNKYKDNIIATSPVDSNHQQATLLSHTSSSQRKRINNKARAGSAFLNPEGDSGTEAENDPQLTFYTDPSRSRRRSRVGSPRSPVNKTTLTLISITSCVIGLVCSSHVNCPLVVKITLHVPEHLIADGSRFILLEGSQLDASDWLNPAQVVLFSQQNSSGPWAMDLCARRLLDPCEHQCDPETGRREHRAAGECLCYEGYMKDPVHKHLCIRNEWGTNQGPWPYTIFQRGFDLVLGEQPSDKIFRFTYTLGEGMWLPLSKSFVIPPAELAINPSAKCKTDMTVMEDAVEVREELMTSSSFDSLEVLLDSFGPVRDCSKDNGGCSKNFRCISDRKLDSTGCVCPSGLSPMKDSSGCYDRHIGVDCSDGFNGGCEQLCLQQMAPFPDDPTLYNILMFCGCIEDYKLGVDGRSCQLITETCPEGSDCGESRELPMNQTLFGEMFFGYNNHSKEVAAGQVLKGTFRQNNFARGLDQQLPDGLVVATVPLENQCLEEISEPTPDPDFLTGMVNFSEVSGYPVLQHWKVRSVMYHIKLNQVAISQALSNALHSLDGATSRADFVALLDQFGNHYIQEAIYGFEESCSIWYPNKQVQRRLWLEYEDISKGNSPSDESEERERDPKVLTFPEYITSLSDSGTKHMAAGVRMECHSKGRCPSSCPLCHVTSSPDTPAEPVLLEVTKAAPIYELVTNNQTQRLLQEATMSSLWCSGTGDVIEDWCRCDSTAFGADGLPTCAPLPQPVLRLSTVHEPSSTLVVLEWEHSEPPIGVQIVDYLLRQEKVTDRMDHSKVETETVLSFVDDIISGAKSPCAMPSQVPDKQLTTISLIIRCLEPDTIYMFTLWGVDNTGRRSRPSDVIVKTPCPVVDDVKAQEIADKIYNLFNGYTSGKEQQTAYNTLLDLGSPTLHRVLYHYNQHYESFGEFTWRCEDELGPRKAGLILSQLGDLSSWCNGLLQEPKISLRRSSLKYLGCRYSEIKPYGLDWAELSRDLRKTCEEQTLSIPYNDYGDSKEI
235	237	228	434	O75129	 ENSP00000354504	 39300at2759	 ASTN2	 XDIRYDE	MAAAGARLSPGPGSGLRGRPRLCFHPGPPPLLPLLLLFLLLLPPPPLLAGATAAASREPDSPCRLKTVTVSTLPALRESDIGWSGARAGAGAGTGAGAAAAAASPGSPGSAGTAAESRLLLFVRNELPGRIAVQDDLDNTELPFFTLEMSGTAADISLVHWRQQWLENGTLYFHVSMSSSGQLAQATAPTLQEPSEIVEEQMHILHISVMGGLIALLLLLLVFTVALYAQRRWQKRRRIPQKSASTEATHEIHYIPSVLLGPQARESFRSSRLQTHNSVIGVPIRETPILDDYDCEEDEEPPRRANHVSREDEFGSQVTHTLDSLGHPGEEKVDFEKKAAAEATQETVESLMQKFKESFRANTPIEIGQLQPPLRSTSAGKRKRRSKSRGGISFGRAKGTSGSEADDETQLTFYTEQYRSRRRSKGLLKSPVNKTALTLIAVSSCILAMVCGSQMSCPLTVKVTLHVPEHFIADGSSFVVSEGSYLDISDWLNPAKLSLYYQINATSPWVRDLCGQRTTDACEQLCDPETGECSCHEGYAPDPVHRHLCVRSDWGQSEGPWPYTTLERGYDLVTGEQAPEKILRSTFSLGQGLWLPVSKSFVVPPVELSINPLASCKTDVLVTEDPADVREEAMLSTYFETINDLLSSFGPVRDCSRNNGGCTRNFKCVSDRQVDSSGCVCPEELKPMKDGSGCYDHSKGIDCSDGFNGGCEQLCLQQTLPLPYDATSSTIFMFCGCVEEYKLAPDGKSCLMLSDVCEGPKCLKPDSKFNDTLFGEMLHGYNNRTQHVNQGQVFQMTFRENNFIKDFPQLADGLLVIPLPVEEQCRGVLSEPLPDLQLLTGDIRYDEAMGYPMVQQWRVRSNLYRVKLSTITLAAGFTNVLKILTKESSREELLSFIQHYGSHYIAEALYGSELTCIIHFPSKKVQQQLWLQYQKETTELGSKKELKSMPFITYLSGLLTAQMLSDDQLISGVEIRCEEKGRCPSTCHLCRRPGKEQLSPTPVLLEINRVVPLYTLIQDNGTKEAFKSALMSSYWCSGKGDVIDDWCRCDLSAFDANGLPNCSPLLQPVLRLSPTVEPSSTVVSLEWVDVQPAIGTKVSDYILQHKKVDEYTDTDLYTGEFLSFADDLLSGLGTSCVAAGRSHGEVPEVSIYSVIFKCLEPDGLYKFTLYAVDTRGRHSELSTVTLRTACPLVDDNKAEEIADKIYNLYNGYTSGKEQQMAYNTLMEVSASMLFRVQHHYNSHYEKFGDFVWRSEDELGPRKAHLILRRLERVSSHCSSLLRSAYIQSRVETVPYLFCRSEEVRPAGMVWYSILKDTKITCEEKMVSMARNTYGESKGR
383	385	228	434	O75129	 ENSP00000354504	 39300at2759	 ASTN2	 XDIRYDE	MAAAGARLSPGPGSGLRGRPRLCFHPGPPPLLPLLLLFLLLLPPPPLLAGATAAASREPDSPCRLKTVTVSTLPALRESDIGWSGARAGAGAGTGAGAAAAAASPGSPGSAGTAAESRLLLFVRNELPGRIAVQDDLDNTELPFFTLEMSGTAADISLVHWRQQWLENGTLYFHVSMSSSGQLAQATAPTLQEPSEIVEEQMHILHISVMGGLIALLLLLLVFTVALYAQRRWQKRRRIPQKSASTEATHEIHYIPSVLLGPQARESFRSSRLQTHNSVIGVPIRETPILDDYDCEEDEEPPRRANHVSREDEFGSQVTHTLDSLGHPGEEKVDFEKKAAAEATQETVESLMQKFKESFRANTPIEIGQLQPPLRSTSAGKRKRRSKSRGGISFGRAKGTSGSEADDETQLTFYTEQYRSRRRSKGLLKSPVNKTALTLIAVSSCILAMVCGSQMSCPLTVKVTLHVPEHFIADGSSFVVSEGSYLDISDWLNPAKLSLYYQINATSPWVRDLCGQRTTDACEQLCDPETGECSCHEGYAPDPVHRHLCVRSDWGQSEGPWPYTTLERGYDLVTGEQAPEKILRSTFSLGQGLWLPVSKSFVVPPVELSINPLASCKTDVLVTEDPADVREEAMLSTYFETINDLLSSFGPVRDCSRNNGGCTRNFKCVSDRQVDSSGCVCPEELKPMKDGSGCYDHSKGIDCSDGFNGGCEQLCLQQTLPLPYDATSSTIFMFCGCVEEYKLAPDGKSCLMLSDVCEGPKCLKPDSKFNDTLFGEMLHGYNNRTQHVNQGQVFQMTFRENNFIKDFPQLADGLLVIPLPVEEQCRGVLSEPLPDLQLLTGDIRYDEAMGYPMVQQWRVRSNLYRVKLSTITLAAGFTNVLKILTKESSREELLSFIQHYGSHYIAEALYGSELTCIIHFPSKKVQQQLWLQYQKETTELGSKKELKSMPFITYLSGLLTAQMLSDDQLISGVEIRCEEKGRCPSTCHLCRRPGKEQLSPTPVLLEINRVVPLYTLIQDNGTKEAFKSALMSSYWCSGKGDVIDDWCRCDLSAFDANGLPNCSPLLQPVLRLSPTVEPSSTVVSLEWVDVQPAIGTKVSDYILQHKKVDEYTDTDLYTGEFLSFADDLLSGLGTSCVAAGRSHGEVPEVSIYSVIFKCLEPDGLYKFTLYAVDTRGRHSELSTVTLRTACPLVDDNKAEEIADKIYNLYNGYTSGKEQQMAYNTLMEVSASMLFRVQHHYNSHYEKFGDFVWRSEDELGPRKAHLILRRLERVSSHCSSLLRSAYIQSRVETVPYLFCRSEEVRPAGMVWYSILKDTKITCEEKMVSMARNTYGESKGR
207	209	129	309	O60312	 ENSP00000480665	 587717at2759	 ATP10A	 FWTGVYT	MEREPAGTEEPGPPGRRRRREGRTRTVRSNLLPPPGAEDPAAGAAKGERRRRRGCAQHLADNRLKTTKYTLLSFLPKNLFEQFHRPANVYFVFIALLNFVPAVNAFQPGLALAPVLFILAITAFRDLWEDYSRHRSDHKINHLGCLVFSREEKKYVNRFWKEIHVGDFVRLRCNEIFPADILLLSSSDPDGLCHIETANLDGETNLKRRQVVRGFSELVSEFNPLTFTSVIECEKPNNDLSRFRGCIIHDNGKKAGLYKENLLLRGCTLRNTDAVVGIVIYAGHETKALLNNSGPRYKRSKLERQMNCDVLWCVLLLVCMSLFSAVGHGLWIWRYQEKKSLFYVPKSDGSSLSPVTAAVYSFLTMIIVLQVLIPISLYVSIEIVKACQVYFINQDMQLYDEETDSQLQCRALNITEDLGQIQYIFSDKTGTLTENKMVFRRCTVSGVEYSHDANAQRLARYQEADSEEEEVVPRGGSVSQRGSIGSHQSVRVVHRTQSTKSHRRTGSRAEAKRASMLSKHTAFSSPMEKDITPDPKLLEKVSECDKSLAVARHQEHLLAHLSPELSDVFDFFIALTICNTVVVTSPDQPRTKVRVRFELKSPVKTIEDFLRRFTPSCLTSGCSSIGSLAANKSSHKLGSSFPSTPSSDGMLLRLEERLGQPTSAIASNGYSSQADNWASELAQEQESERELRYEAESPDEAALVYAARAYNCVLVERLHDQVSVELPHLGRLTFELLHTLGFDSVRKRMSVVIRHPLTDEINVYTKGADSVVMDLLQPCSSVDARGRHQKKIRSKTQNYLNVYAAEGLRTLCIAKRVLSKEEYACWLQSHLEAESSLENSEELLFQSAIRLETNLHLLGATGIEDRLQDGVPETISKLRQAGLQIWVLTGDKQETAVNIAYACKLLDHDEEVITLNATSQEACAALLDQCLCYVQSRGLQRAPEKTKGKVSMRFSSLCPPSTSTASGRRPSLVIDGRSLAYALEKNLEDKFLFLAKQCRSVLCCRSTPLQKSMVVKLVRSKLKAMTLAIGDGANDVSMIQVADVGVGISGQEGMQAVMASDFAVPKFRYLERLLILHGHWCYSRLANMVLYFFYKNTMFVGLLFWFQFFCGFSASTMIDQWYLIFFNLLFSSLPPLVTGVLDRDVPANVLLTNPQLYKSGQNMEEYRPRTFWFNMADAAFQSLVCFSIPYLAYYDSNVDLFTWGTPIVTIALLTFLLHLGIETKTWTWLNWITCGFSVLLFFTVALIYNASCATCYPPSNPYWTMQALLGDPVFYLTCLMTPVAALLPRLFFRSLQGRVFPTQLQLARQLTRKSPRRCSAPKETFAQGRLPKDSGTEHSSGRTVKTSVPLSQPSWHTQQPVCSLEASGEPSTVDMSMPVREHTLLEGLSAPAPMSSAPGEAVLRSPGGCPEESKVRAASTGRVTPLSSLFSLPTFSLLNWISSWSLVSRLGSVLQFSRTEQLADGQAGRGLPVQPHSGRSGLQGPDHRLLIGASSRRSQ
80	82	1	97	Q16720	 ENSP00000377425	 115892at2759	 ATP2B3	 GIMTEGW	MGDMANSSIEFHPKPQQQRDVPQAGGFGCTLAELRTLMELRGAEALQKIEEAYGDVSGLCRRLKTSPTEGLADNTNDLEKRRQIYGQNFIPPKQPKTFLQLVWEALQDVTLIILEVAAIVSLGLSFYAPPGEESEACGNVSGGAEDEGEAEAGWIEGAAILLSVICVVLVTAFNDWSKEKQFRGLQSRIEQEQKFTVIRNGQLLQVPVAALVVGDIAQVKYGDLLPADGVLIQANDLKIDESSLTGESDHVRKSADKDPMLLSGTHVMEGSGRMVVTAVGVNSQTGIIFTLLGAGGEEEEKKDKKGKQQDGAMESSQTKAKKQDGAVAMEMQPLKSAEGGEMEEREKKKANAPKKEKSVLQGKLTKLAVQIGKAGLVMSAITVIILVLYFVIETFVVEGRTWLAECTPVYVQYFVKFFIIGVTVLVVAVPEGLPLAVTISLAYSVKKMMKDNNLVRHLDACETMGNATAICSDKTGTLTTNRMTVVQSYLGDTHYKEIPAPSALTPKILDLLVHAISINSAYTTKILPPEKEGALPRQVGNKTECALLGFVLDLKRDFQPVREQIPEDKLYKVYTFNSVRKSMSTVIRMPDGGFRLFSKGASEILLKKCTNILNSNGELRGFRPRDRDDMVRKIIEPMACDGLRTICIAYRDFSAGQEPDWDNENEVVGDLTCIAVVGIEDPVRPEVPEAIRKCQRAGITVRMVTGDNINTARAIAAKCGIIQPGEDFLCLEGKEFNRRIRNEKGEIEQERLDKVWPKLRVLARSSPTDKHTLVKGIIDSTTGEQRQVVAVTGDGTNDGPALKKADVGFAMGIAGTDVAKEASDIILTDDNFTSIVKAVMWGRNVYDSISKFLQFQLTVNVVAVIVAFTGACITQDSPLKAVQMLWVNLIMDTFASLALATEPPTESLLLRKPYGRDKPLISRTMMKNILGHAVYQLAIIFTLLFVGELFFDIDSGRNAPLHSPPSEHYTIIFNTFVMMQLFNEINARKIHGERNVFDGIFSNPIFCTIVLGTFGIQIVIVQFGGKPFSCSPLSTEQWLWCLFVGVGELVWGQVIATIPTSQLKCLKEAGHGPGKDEMTDEELAEGEEEIDHAERELRRGQILWFRGLNRIQTQIRVVKAFRSSLYEGLEKPESKTSIHNFMATPEFLINDYTHNIPLIDDTDVDENEERLRAPPPPSPNQNNNAIDSGIYLTTHVTKSATSSVFSSSPGSPLHSVETSL
75	77	1	92	P23634	 ENSP00000356187		 ATP2B4	 IMGQNIY	MTNPSDRVLPANSMAESREGDFGCTVMELRKLMELRSRDALTQINVHYGGVQNLCSRLKTSPVEGLSGNPADLEKRRQVFGHNVIPPKKPKTFLELVWEALQDVTLIILEIAAIISLVLSFYRPAGEENELCGQVATTPEDENEAQAGWIEGAAILFSVIIVVLVTAFNDWSKEKQFRGLQCRIEQEQKFSIIRNGQLIQLPVAEIVVGDIAQVKYGDLLPADGILIQGNDLKIDESSLTGESDHVKKSLDKDPMLLSGTHVMEGSGRMVVTAVGVNSQTGIILTLLGVNEDDEGEKKKKGKKQGVPENRNKAKTQDGVALEIQPLNSQEGIDNEEKDKKAVKVPKKEKSVLQGKLTRLAVQIGKAGLLMSALTVFILILYFVIDNFVINRRPWLPECTPIYIQYFVKFFIIGITVLVVAVPEGLPLAVTISLAYSVKKMMKDNNLVRHLDACETMGNATAICSDKTGTLTMNRMTVVQAYIGGIHYRQIPSPDVFLPKVLDLIVNGISINSAYTSKILPPEKEGGLPRQVGNKTECALLGFVTDLKQDYQAVRNEVPEEKLYKVYTFNSVRKSMSTVIRNPNGGFRMYSKGASEIILRKCNRILDRKGEAVPFKNKDRDDMVRTVIEPMACDGLRTICIAYRDFDDTEPSWDNENEILTELTCIAVVGIEDPVRPEVPDAIAKCKQAGITVRMVTGDNINTARAIATKCGILTPGDDFLCLEGKEFNRLIRNEKGEVEQEKLDKIWPKLRVLARSSPTDKHTLVKGIIDSTVGEHRQVVAVTGDGTNDGPALKKADVGFAMGIAGTDVAKEASDIILTDDNFTSIVKAVMWGRNVYDSISKFLQFQLTVNVVAVIVAFTGACITQDSPLKAVQMLWVNLIMDTFASLALATEPPTESLLKRRPYGRNKPLISRTMMKNILGHAFYQLIVIFILVFAGEKFFDIDSGRKAPLHSPPSQHYTIVFNTFVLMQLFNEINSRKIHGEKNVFSGIYRNIIFCSVVLGTFICQIFIVEFGGKPFSCTSLSLSQWLWCLFIGIGELLWGQFISAIPTRSLKFLKEAGHGTTKEEITKDAEGLDEIDHAEMELRRGQILWFRGLNRIQTQIDVINTFQTGASFKGVLRRQNMGQHLDVKLVPSSSYIKVVKAFHSSLHESIQKPYNQKSIHSFMTHPEFAIEEELPRTPLLDEEEEENPDKASKFGTRVLLLDGEVTPYANTNNNAVDCNQVQLPQSDSSLQSLETSV
901	903	892	911	P23634	 ENSP00000356187		 ATP2B4	 IMGQNIY	MTNPSDRVLPANSMAESREGDFGCTVMELRKLMELRSRDALTQINVHYGGVQNLCSRLKTSPVEGLSGNPADLEKRRQVFGHNVIPPKKPKTFLELVWEALQDVTLIILEIAAIISLVLSFYRPAGEENELCGQVATTPEDENEAQAGWIEGAAILFSVIIVVLVTAFNDWSKEKQFRGLQCRIEQEQKFSIIRNGQLIQLPVAEIVVGDIAQVKYGDLLPADGILIQGNDLKIDESSLTGESDHVKKSLDKDPMLLSGTHVMEGSGRMVVTAVGVNSQTGIILTLLGVNEDDEGEKKKKGKKQGVPENRNKAKTQDGVALEIQPLNSQEGIDNEEKDKKAVKVPKKEKSVLQGKLTRLAVQIGKAGLLMSALTVFILILYFVIDNFVINRRPWLPECTPIYIQYFVKFFIIGITVLVVAVPEGLPLAVTISLAYSVKKMMKDNNLVRHLDACETMGNATAICSDKTGTLTMNRMTVVQAYIGGIHYRQIPSPDVFLPKVLDLIVNGISINSAYTSKILPPEKEGGLPRQVGNKTECALLGFVTDLKQDYQAVRNEVPEEKLYKVYTFNSVRKSMSTVIRNPNGGFRMYSKGASEIILRKCNRILDRKGEAVPFKNKDRDDMVRTVIEPMACDGLRTICIAYRDFDDTEPSWDNENEILTELTCIAVVGIEDPVRPEVPDAIAKCKQAGITVRMVTGDNINTARAIATKCGILTPGDDFLCLEGKEFNRLIRNEKGEVEQEKLDKIWPKLRVLARSSPTDKHTLVKGIIDSTVGEHRQVVAVTGDGTNDGPALKKADVGFAMGIAGTDVAKEASDIILTDDNFTSIVKAVMWGRNVYDSISKFLQFQLTVNVVAVIVAFTGACITQDSPLKAVQMLWVNLIMDTFASLALATEPPTESLLKRRPYGRNKPLISRTMMKNILGHAFYQLIVIFILVFAGEKFFDIDSGRKAPLHSPPSQHYTIVFNTFVLMQLFNEINSRKIHGEKNVFSGIYRNIIFCSVVLGTFICQIFIVEFGGKPFSCTSLSLSQWLWCLFIGIGELLWGQFISAIPTRSLKFLKEAGHGTTKEEITKDAEGLDEIDHAEMELRRGQILWFRGLNRIQTQIDVINTFQTGASFKGVLRRQNMGQHLDVKLVPSSSYIKVVKAFHSSLHESIQKPYNQKSIHSFMTHPEFAIEEELPRTPLLDEEEEENPDKASKFGTRVLLLDGEVTPYANTNNNAVDCNQVQLPQSDSSLQSLETSV
839	841	412	949	O43520	 ENSP00000497896	 587717at2759	 ATP8B1	 WKEMFFY	MSTERDSETTFDEDSQPNDEVVPYSDDETEDELDDQGSAVEPEQNRVNREAEENREPFRKECTWQVKANDRKYHEQPHFMNTKFLCIKESKYANNAIKTYKYNAFTFIPMNLFEQFKRAANLYFLALLILQAVPQISTLAWYTTLVPLLVVLGVTAIKDLVDDVARHKMDKEINNRTCEVIKDGRFKVAKWKEIQVGDVIRLKKNDFVPADILLLSSSEPNSLCYVETAELDGETNLKFKMSLEITDQYLQREDTLATFDGFIECEEPNNRLDKFTGTLFWRNTSFPLDADKILLRGCVIRNTDFCHGLVIFAGADTKIMKNSGKTRFKRTKIDYLMNYMVYTIFVVLILLSAGLAIGHAYWEAQVGNSSWYLYDGEDDTPSYRGFLIFWGYIIVLNTMVPISLYVSVEVIRLGQSHFINWDLQMYYAEKDTPAKARTTTLNEQLGQIHYIFSDKTGTLTQNIMTFKKCCINGQIYGDHRDASQHNHNKIEQVDFSWNTYADGKLAFYDHYLIEQIQSGKEPEVRQFFFLLAVCHTVMVDRTDGQLNYQAASPDEGALVNAARNFGFAFLARTQNTITISELGTERTYNVLAILDFNSDRKRMSIIVRTPEGNIKLYCKGADTVIYERLHRMNPTKQETQDALDIFANETLRTLCLCYKEIEEKEFTEWNKKFMAASVASTNRDEALDKVYEEIEKDLILLGATAIEDKLQDGVPETISKLAKADIKIWVLTGDKKETAENIGFACELLTEDTTICYGEDINSLLHARMENQRNRGGVYAKFAPPVQESFFPPGGNRALIITGSWLNEILLEKKTKRNKILKLKFPRTEEERRMRTQSKRRLEAKKEQRQKNFVDLACECSAVICCRVTPKQKAMVVDLVKRYKKAITLAIGDGANDVNMIKTAHIGVGISGQEGMQAVMSSDYSFAQFRYLQRLLLVHGRWSYIRMCKFLRYFFYKNFAFTLVHFWYSFFNGYSAQTAYEDWFITLYNVLYTSLPVLLMGLLDQDVSDKLSLRFPGLYIVGQRDLLFNYKRFFVSLLHGVLTSMILFFIPLGAYLQTVGQDGEAPSDYQSFAVTIASALVITVNFQIGLDTSYWTFVNAFSIFGSIALYFGIMFDFHSAGIHVLFPSAFQFTGTASNALRQPYIWLTIILAVAVCLLPVVAIRFLSMTIWPSESDKIQKHRKRLKAEEQWQRRQQVFRRGVSTRRSAYAFSHQRGYADLISSGRSIRKKRSPLDAIVADGTAEYRRTGDS
635	637	1	708	P48751	 ENSP00000362865	 265068at2759	 SLC4A3	 SDKSPQH	MANGVIPPPGGASPLPQVRVPLEEPPLSPDVEEEDDDLGKTLAVSRFGDLISKPPAWDPEKPSRSYSERDFEFHRHTSHHTHHPLSARLPPPHKLRRLPPTSARHTRRKRKKEKTSAPPSEGTPPIQEEGGAGVDEEEEEEEEEEGESEAEPVEPPHSGTPQKAKFSIGSDEDDSPGLPGRAAVTKPLPSVGPHTDKSPQHSSSSPSPRARASRLAGEKSRPWSPSASYDLRERLCPGSALGNPGGPEQQVPTDEAEAQMLGSADLDDMKSHRLEDNPGVRRHLVKKPSRTQGGRGSPSGLAPILRRKKKKKKLDRRPHEVFVELNELMLDRSQEPHWRETARWIKFEEDVEEETERWGKPHVASLSFRSLLELRRTIAHGAALLDLEQTTLPGIAHLVVETMIVSDQIRPEDRASVLRTLLLKHSHPNDDKDSGFFPRNPSSSSMNSVLGNHHPTPSHGPDGAVPTMADDLGEPAPLWPHDPDAKEKPLHMPGGDGHRGKSLKLLEKIPEDAEATVVLVGCVPFLEQPAAAFVRLNEAVLLESVLEVPVPVRFLFVMLGPSHTSTDYHELGRSIATLMSDKLFHEAAYQADDRQDLLSAISEFLDGSIVIPPSEVEGRDLLRSVAAFQRELLRKRREREQTKVEMTTRGGYTAPGKELSLELGGSEATPEDDPLLRTGSVFGGLVRDVRRRYPHYPSDLRDALHSQCVAAVLFIYFAALSPAITFGGLLGEKTEGLMGVSELIVSTAVLGVLFSLLGAQPLLVVGFSGPLLVFEEAFFKFCRAQDLEYLTGRVWVGLWLVVFVLALVAAEGSFLVRYISPFTQEIFAFLISLIFIYETFYKLYKVFTEHPLLPFYPPEGALEGSLDAGLEPNGSALPPTEGPPSPRNQPNTALLSLILMLGTFFIAFFLRKFRNSRFLGGKARRIIGDFGIPISILVMVLVDYSITDTYTQKLTVPTGLSVTSPDKRSWFIPPLGSARPFPPWMMVAAAVPALLVLILIFMETQITALIVSQKARRLLKGSGFHLDLLLIGSLGGLCGLFGLPWLTAATVRSVTHVNALTVMRTAIAPGDKPQIQEVREQRVTGVLIASLVGLSIVMGAVLRRIPLAVLFGIFLYMGVTSLSGIQLSQRLLLILMPAKHHPEQPYVTKVKTWRMHLFTCIQLGCIALLWVVKSTAASLAFPFLLLLTVPLRHCLLPRLFQDRELQALDSEDAEPNFDEDGQDEYNELHMPV
3	5	1	6	Q9P2W7	 ENSP00000433847	 901158at2759	 B3GAT1	 ETFPRNA	MPKRRDILAIVLIVLPWTLLITVWHQSTLAPLLAVHKDEGSDPRRETPPGADPREYCTSDRDIVEVVRTEYVYTRPPPWSDTLPTIHVVTPTYSRPVQKAELTRMANTLLHVPNLHWLVVEDAPRRTPLTARLLRDTGLNYTHLHVETPRNYKLRGDARDPRIPRGTMQRNLALRWLRETFPRNSSQPGVVYFADDDNTYSLELFEEMRSTRRVSVWPVAFVGGLRYEAPRVNGAGKVVGWKTVFDPHRPFAIDMAGFAVNLRLILQRSQAYFKLRGVKGGYQESSLLRELVTLNDLEPKAANCTKILVWHTRTEKPVLVNEGKKGFTDPSVEI
347	349	345	385	P35613	 ENSP00000506020	 1021787at2759	 BSG	 WWFEGND	MAAALFVLLGFALLGTHGASGAAGFVQAPLSQQRWVGGSVELHCEAVGSPVPEIQWWFEGQGPNDTCSQLWDGARLDRVHIHATYHQHAASTISIDTLVEEDTGTYECRASNDPDRNHLTRAPRVKWVRAQAVVLVLEPGTVFTTVEDLGSKILLTCSLNDSATEVTGHRWLKGGVVLKEDALPGQKTEFKVDSDDQWGEYSCVFLPEPMGTANIQLHGPPRVKAVKSSEHINEGETAMLVCKSESVPPVTDWAWYKITDSEDKALMNGSESRFFVSSSQGRSELHIENLNMEADPGQYRCNGTSSKGSDQAIITLRVRSHLAALWPFLGIVAEVLVLVTIIFIYEKRRKPEDVLDDDDAGSAPLKSSGQHQNDKGKNVRQRNSS
8	10	1	29	P82251	 ENSP00000464822	 621852at2759	 SLC7A9	 HKAFGIH	MGDTGLRKRREDEKSIQSQEPKTTSLQKELGLISGISIIVGTIIGSGIFVSPKSVLSNTEAVGPCLIIWAACGVLATLGALCFAELGTMITKSGGEYPYLMEAYGPIPAYLFSWASLIVIKPTSFAIICLSFSEYVCAPFYVGCKPPQIVVKCLAAAAILFISTVNSLSVRLGSYVQNIFTAAKLVIVAIIIISGLVLLAQGNTKNFDNSFEGAQLSVGAISLAFYNGLWAYDGWNQLNYITEELRNPYRNLPLAIIIGIPLVTACYILMNVSYFTVMTATELLQSQAVAVTFGDRVLYPASWIVPLFVAFSTIGAANGTCFTAGRLIYVAGREGHMLKVLSYISVRRLTPAPAIIFYGIIATIYIIPGDINSLVNYFSFAAWLFYGLTILGLIVMRFTRKELERPIKVPVVIPVLMTLISVFLVLAPIISKPTWEYLYCVLFILSGLLFYFLFVHYKFGWAQKISKPITMHLQMLMEVVPPEEDPE
147	149	140	178	P35070	 ENSP00000379092	 1401257at2759	 BTC	 PKRKGHF	MDRAARCSGASSLPLLLALALGLVILHCVVADGNSTRSPETNGLLCGDPEENCAATTTQSKRKGHFSRCPKQYKHYCIKGRCRFVVAEQTPSCVCDEGYIGARCERVDLFYLRGDRGQILVICLIAVMVVFIILVIGVCTCCHPLRKRRKRKKKEEEMETLGKDITPINEDIEETNIA
1074	1076	1072	1156	Q86VB7	 ENSP00000403885	 1095487at2759	 CD163	 VQYREMN	MSKLRMVLLEDSGSADFRRHFVNLSPFTITVVLLLSACFVTSSLGGTDKELRLVDGENKCSGRVEVKVQEEWGTVCNNGWSMEAVSVICNQLGCPTAIKAPGWANSSAGSGRIWMDHVSCRGNESALWDCKHDGWGKHSNCTHQQDAGVTCSDGSNLEMRLTRGGNMCSGRIEIKFQGRWGTVCDDNFNIDHASVICRQLECGSAVSFSGSSNFGEGSGPIWFDDLICNGNESALWNCKHQGWGKHNCDHAEDAGVICSKGADLSLRLVDGVTECSGRLEVRFQGEWGTICDDGWDSYDAAVACKQLGCPTAVTAIGRVNASKGFGHIWLDSVSCQGHEPAIWQCKHHEWGKHYCNHNEDAGVTCSDGSDLELRLRGGGSRCAGTVEVEIQRLLGKVCDRGWGLKEADVVCRQLGCGSALKTSYQVYSKIQATNTWLFLSSCNGNETSLWDCKNWQWGGLTCDHYEEAKITCSAHREPRLVGGDIPCSGRVEVKHGDTWGSICDSDFSLEAASVLCRELQCGTVVSILGGAHFGEGNGQIWAEEFQCEGHESHLSLCPVAPRPEGTCSHSRDVGVVCSRYTEIRLVNGKTPCEGRVELKTLGAWGSLCNSHWDIEDAHVLCQQLKCGVALSTPGGARFGKGNGQIWRHMFHCTGTEQHMGDCPVTALGASLCPSEQVASVICSGNQSQTLSSCNSSSLGPTRPTIPEESAVACIESGQLRLVNGGGRCAGRVEIYHEGSWGTICDDSWDLSDAHVVCRQLGCGEAINATGSAHFGEGTGPIWLDEMKCNGKESRIWQCHSHGWGQQNCRHKEDAGVICSEFMSLRLTSEASREACAGRLEVFYNGAWGTVGKSSMSETTVGVVCRQLGCADKGKINPASLDKAMSIPMWVDNVQCPKGPDTLWQCPSSPWEKRLASPSEETWITCDNKIRLQEGPTSCSGRVEIWHGGSWGTVCDDSWDLDDAQVVCQQLGCGPALKAFKEAEFGQGTGPIWLNEVKCKGNESSLWDCPARRWGHSECGHKEDAAVNCTDISVQKTPQKATTGRSSRQSSFIAVGILGVVLLAIFVALFFLTKKRRQRQRLAVSSRGENLVHQIQYREMNSCLNADDLDLMNSSENSHESADFSAAELISVSKFLPISGMEKEAILSHTEKENGNL
608	610	602	652	Q9NPY3	 ENSP00000246006	 1174178at2759	 CD93	 YTNWHKE	MATSMGLLLLLLLLLTQPGAGTGADTEAVVCVGTACYTAHSGKLSAAEAQNHCNQNGGNLATVKSKEEAQHVQRVLAQLLRREAALTARMSKFWIGLQREKGKCLDPSLPLKGFSWVGGGEDTPYSNWHKELRNSCISKRCVSLLLDLSQPLLPSRLPKWSEGPCGSPGSPGSNIEGFVCKFSFKGMCRPLALGGPGQVTYTTPFQTTSSSLEAVPFASAANVACGEGDKDETQSHYFLCKEKAPDVFDWGSSGPLCVSPKYGCNFNNGGCHQDCFEGGDGSFLCGCRPGFRLLDDLVTCASRNPCSSSPCRGGATCVLGPHGKNYTCRCPQGYQLDSSQLDCVDVDECQDSPCAQECVNTPGGFRCECWVGYEPGGPGEGACQDVDECALGRSPCAQGCTNTDGSFHCSCEEGYVLAGEDGTQCQDVDECVGPGGPLCDSLCFNTQGSFHCGCLPGWVLAPNGVSCTMGPVSLGPPSGPPDEEDKGEKEGSTVPRAATASPTRGPEGTPKATPTTSRPSLSSDAPITSAPLKMLAPSGSPGVWREPSIHHATAASGPQEPAGGDSSVATQNNDGTDGQKLLLFYILGTVVAILLLLALALGLLVYRKRRAKREEKKEKKPQNAADSYSWVPERAESRAMENQYSPTPGTDC
49	51	1	92	O60840	 ENSP00000365441	 172471at2759	 CACNA1F	 LVEMEIM	MSESEGGKDTTPEPSPANGAGPGPEWGLCPGPPAVEGESSGASGLGTPKRRNQHSKHKTVAVASAQRSPRALFCLTLANPLRRSCISIVEWKPFDILILLTIFANCVALGVYIPFPEDDSNTANHNLEQVEYVFLVIFTVETVLKIVAYGLVLHPSAYIRNGWNLLDFIIVVVGLFSVLLEQGPGRPGDAPHTGGKPGGFDVKALRAFRVLRPLRLVSGVPSLHIVLNSIMKALVPLLHIALLVLFVIIIYAIIGLELFLGRMHKTCYFLGSDMEAEEDPSPCASSGSGRACTLNQTECRGRWPGPNGGITNFDNFFFAMLTVFQCVTMEGWTDVLYWMQDAMGYELPWVYFVSLVIFGSFFVLNLVLGVLSGEFSKEREKAKARGDFQKQREKQQMEEDLRGYLDWITQAEELDMEDPSADDNLGSMAEEGRAGHRPQLAELTNRRRGRLRWFSHSTRSTHSTSSHASLPASDTGSMTETQGDEDEEEGALASCTRCLNKIMKTRVCRRLRRANRVLRARCRRAVKSNACYWAVLLLVFLNTLTIASEHHGQPVWLTQIQEYANKVLLCLFTVEMLLKLYGLGPSAYVSSFFNRFDCFVVCGGILETTLVEVGAMQPLGISVLRCVRLLRIFKVTRHWASLSNLVASLLNSMKSIASLLLLLFLFIIIFSLLGMQLFGGKFNFDQTHTKRSTFDTFPQALLTVFQILTGEDWNVVMYDGIMAYGGPFFPGMLVCIYFIILFICGNYILLNVFLAIAVDNLASGDAGTAKDKGGEKSNEKDLPQENEGLVPGVEKEEEEGARREGADMEEEEEEEEEEEEEEEEEGAGGVELLQEVVPKEKVVPIPEGSAFFCLSQTNPLRKGCHTLIHHHVFTNLILVFIILSSVSLAAEDPIRAHSFRNHILGYFDYAFTSIFTVEILLKMTVFGAFLHRGSFCRSWFNMLDLLVVSVSLISFGIHSSAISVVKILRVLRVLRPLRAINRAKGLKHVVQCVFVAIRTIGNIMIVTTLLQFMFACIGVQLFKGKFYTCTDEAKHTPQECKGSFLVYPDGDVSRPLVRERLWVNSDFNFDNVLSAMMALFTVSTFEGWPALLYKAIDAYAEDHGPIYNYRVEISVFFIVYIIIIAFFMMNIFVGFVIITFRAQGEQEYQNCELDKNQRQCVEYALKAQPLRRYIPKNPHQYRVWATVNSAAFEYLMFLLILLNTVALAMQHYEQTAPFNYAMDILNMVFTGLFTIEMVLKIIAFKPKHYFTDAWNTFDALIVVGSIVDIAVTEVNNGGHLGESSEDSSRISITFFRLFRVMRLVKLLSKGEGIRTLLWTFIKSFQALPYVALLIAMIFFIYAVIGMQMFGKVALQDGTQINRNNNFQTFPQAVLLLFRCATGEAWQEIMLASLPGNRCDPESDFGPGEEFTCGSNFAIAYFISFFMLCAFLIINLFVAVIMDNFDYLTRDWSILGPHHLDEFKRIWSEYDPGAKGRIKHLDVVALLRRIQPPLGFGKLCPHRVACKRLVAMNMPLNSDGTVTFNATLFALVRTSLKIKTEGNLEQANQELRIVIKKIWKRMKQKLLDEVIPPPDEEEVTVGKFYATFLIQDYFRKFRRRKEKGLLGNDAAPSTSSALQAGLRSLQDLGPEMRQALTCDTEEEEEEGQEGVEEEDEKDLETNKATMVSQPSARRGSGISVSLPVGDRLPDSLSFGPSDDDRGTPTSSQPSVPQAGSNTHRRGSGALIFTIPEEGNSQPKGTKGQNKQDEDEEVPDRLSYLDEQAGTPPCSVLLPPHRAQRYMDGHLVPRRRLLPPTPAGRKPSFTIQCLQRQGSCEDLPIPGTYHRGRNSGPNRAQGSWATPPQRGRLLYAPLLLVEEGAAGEGYLGRSSGPLRTFTCLHVPGTHSDPSHGKRGSADSLVEAVLISEGLGLFARDPRFVALAKQEIADACRLTLDEMDNAASDLLAQGTSSLYSDEESILSRFDEEDLGDEMACVHAL
1120	1122	965	1272	O43497	 ENSP00000426232	 172471at2759	 CACNA1G	 RCLIAVY	MDEEEDGAGAEESGQPRSFMRLNDLSGAGGRPGPGSAEKDPGSADSEAEGLPYPALAPVVFFYLSQDSRPRSWCLRTVCNPWFERISMLVILLNCVTLGMFRPCEDIACDSQRCRILQAFDDFIFAFFAVEMVVKMVALGIFGKKCYLGDTWNRLDFFIVIAGMLEYSLDLQNVSFSAVRTVRVLRPLRAINRVPSMRILVTLLLDTLPMLGNVLLLCFFVFFIFGIVGVQLWAGLLRNRCFLPENFSLPLSVDLERYYQTENEDESPFICSQPRENGMRSCRSVPTLRGDGGGGPPCGLDYEAYNSSSNTTCVNWNQYYTNCSAGEHNPFKGAINFDNIGYAWIAIFQVITLEGWVDIMYFVMDAHSFYNFIYFILLIIVGSFFMINLCLVVIATQFSETKQRESQLMREQRVRFLSNASTLASFSEPGSCYEELLKYLVYILRKAARRLAQVSRAAGVRVGLLSSPAPLGGQETQPSSSCSRSHRRLSVHHLVHHHHHHHHHYHLGNGTLRAPRASPEIQDRDANGSRRLMLPPPSTPALSGAPPGGAESVHSFYHADCHLEPVRCQAPPPRSPSEASGRTVGSGKVYPTVHTSPPPETLKEKALVEVAASSGPPTLTSLNIPPGPYSSMHKLLETQSTGACQSSCKISSPCLKADSGACGPDSCPYCARAGAGEVELADREMPDSDSEAVYEFTQDAQHSDLRDPHSRRQRSLGPDAEPSSVLAFWRLICDTFRKIVDSKYFGRGIMIAILVNTLSMGIEYHEQPEELTNALEISNIVFTSLFALEMLLKLLVYGPFGYIKNPYNIFDGVIVVISVWEIVGQQGGGLSVLRTFRLMRVLKLVRFLPALQRQLVVLMKTMDNVATFCMLLMLFIFIFSILGMHLFGCKFASERDGDTLPDRKNFDSLLWAIVTVFQILTQEDWNKVLYNGMASTSSWAALYFIALMTFGNYVLFNLLVAILVEGFQAEEISKREDASGQLSCIQLPVDSQGGDANKSESEPDFFSPSLDGDGDRKKCLALVSLGEHPELRKSLLPPLIIHTAATPMSLPKSTSTGLGEALGPASRRTSSSGSAEPGAAHEMKSPPSARSSPHSPWSAASSWTSRRSSRNSLGRAPSLKRRSPSGERRSLLSGEGQESQDEEESSEEERASPAGSDHRHRGSLEREAKSSFDLPDTLQVPGLHRTASGRGSASEHQDCNGKSASGRLARALRPDDPPLDGDDADDEGNLSKGERVRAWIRARLPACCLERDSWSAYIFPPQSRFRLLCHRIITHKMFDHVVLVIIFLNCITIAMERPKIDPHSAERIFLTLSNYIFTAVFLAEMTVKVVALGWCFGEQAYLRSSWNVLDGLLVLISVIDILVSMVSDSGTKILGMLRVLRLLRTLRPLRVISRAQGLKLVVETLMSSLKPIGNIVVICCAFFIIFGILGVQLFKGKFFVCQGEDTRNITNKSDCAEASYRWVRHKYNFDNLGQALMSLFVLASKDGWVDIMYDGLDAVGVDQQPIMNHNPWMLLYFISFLLIVAFFVLNMFVGVVVENFHKCRQHQEEEEARRREEKRLRRLEKKRRNLMLDDVIASGSSASAASEAQCKPYYSDYSRFRLLVHHLCTSHYLDLFITGVIGLNVVTMAMEHYQQPQILDEALKICNYIFTVIFVLESVFKLVAFGFRRFFQDRWNQLDLAIVLLSIMGITLEEIEVNASLPINPTIIRIMRVLRIARVLKLLKMAVGMRALLDTVMQALPQVGNLGLLFMLLFFIFAALGVELFGDLECDETHPCEGLGRHATFRNFGMAFLTLFRVSTGDNWNGIMKDTLRDCDQESTCYNTVISPIYFVSFVLTAQFVLVNVVIAVLMKHLEESNKEAKEEAELEAELELEMKTLSPQPHSPLGSPFLWPGVEGPDSPDSPKPGALHPAAHARSASHFSLEHPTDRQLFDTISLLIQGSLEWELKLMDELAGPGGQPSAFPSAPSLGGSDPQIPLAEMEALSLTSEIVSEPSCSLALTDDSLPDDMHTLLLSALESNMQPHPTELPGPDLLTVRKSGVSRTHSLPNDSYMCRHGSTAEGPLGHRGWGLPKAQSGSVLSVHSQPADTSYILQLPKDAPHLLQPHSAPTWGTIPKLPPPGRSPLAQRPLRRQAAIRTDSLDVQGLGSREDLLAEVSGPSPPLARAYSFWGQSSTQAQQHSRSHSKISKHMTPPAPCPGPEPNWGKGPPETRSSLELDTELSWISGDLLPPGGQEEPPSPRDLKKCYSVEAQSCQRRPTSWLDEQRRHSIAVSCLDSGSQPHLGTDPSNLGGQPLGGPGSRPKKKLSPPSITIDPPESQGPRTPPSPGICLRRRAPSSDSKDPLASGPPDSMAASPSPKKDVLSLSGLSSDPADLDP
1566	1568	1538	1610	O43497	 ENSP00000426232	 172471at2759	 CACNA1G	 RCLIAVY	MDEEEDGAGAEESGQPRSFMRLNDLSGAGGRPGPGSAEKDPGSADSEAEGLPYPALAPVVFFYLSQDSRPRSWCLRTVCNPWFERISMLVILLNCVTLGMFRPCEDIACDSQRCRILQAFDDFIFAFFAVEMVVKMVALGIFGKKCYLGDTWNRLDFFIVIAGMLEYSLDLQNVSFSAVRTVRVLRPLRAINRVPSMRILVTLLLDTLPMLGNVLLLCFFVFFIFGIVGVQLWAGLLRNRCFLPENFSLPLSVDLERYYQTENEDESPFICSQPRENGMRSCRSVPTLRGDGGGGPPCGLDYEAYNSSSNTTCVNWNQYYTNCSAGEHNPFKGAINFDNIGYAWIAIFQVITLEGWVDIMYFVMDAHSFYNFIYFILLIIVGSFFMINLCLVVIATQFSETKQRESQLMREQRVRFLSNASTLASFSEPGSCYEELLKYLVYILRKAARRLAQVSRAAGVRVGLLSSPAPLGGQETQPSSSCSRSHRRLSVHHLVHHHHHHHHHYHLGNGTLRAPRASPEIQDRDANGSRRLMLPPPSTPALSGAPPGGAESVHSFYHADCHLEPVRCQAPPPRSPSEASGRTVGSGKVYPTVHTSPPPETLKEKALVEVAASSGPPTLTSLNIPPGPYSSMHKLLETQSTGACQSSCKISSPCLKADSGACGPDSCPYCARAGAGEVELADREMPDSDSEAVYEFTQDAQHSDLRDPHSRRQRSLGPDAEPSSVLAFWRLICDTFRKIVDSKYFGRGIMIAILVNTLSMGIEYHEQPEELTNALEISNIVFTSLFALEMLLKLLVYGPFGYIKNPYNIFDGVIVVISVWEIVGQQGGGLSVLRTFRLMRVLKLVRFLPALQRQLVVLMKTMDNVATFCMLLMLFIFIFSILGMHLFGCKFASERDGDTLPDRKNFDSLLWAIVTVFQILTQEDWNKVLYNGMASTSSWAALYFIALMTFGNYVLFNLLVAILVEGFQAEEISKREDASGQLSCIQLPVDSQGGDANKSESEPDFFSPSLDGDGDRKKCLALVSLGEHPELRKSLLPPLIIHTAATPMSLPKSTSTGLGEALGPASRRTSSSGSAEPGAAHEMKSPPSARSSPHSPWSAASSWTSRRSSRNSLGRAPSLKRRSPSGERRSLLSGEGQESQDEEESSEEERASPAGSDHRHRGSLEREAKSSFDLPDTLQVPGLHRTASGRGSASEHQDCNGKSASGRLARALRPDDPPLDGDDADDEGNLSKGERVRAWIRARLPACCLERDSWSAYIFPPQSRFRLLCHRIITHKMFDHVVLVIIFLNCITIAMERPKIDPHSAERIFLTLSNYIFTAVFLAEMTVKVVALGWCFGEQAYLRSSWNVLDGLLVLISVIDILVSMVSDSGTKILGMLRVLRLLRTLRPLRVISRAQGLKLVVETLMSSLKPIGNIVVICCAFFIIFGILGVQLFKGKFFVCQGEDTRNITNKSDCAEASYRWVRHKYNFDNLGQALMSLFVLASKDGWVDIMYDGLDAVGVDQQPIMNHNPWMLLYFISFLLIVAFFVLNMFVGVVVENFHKCRQHQEEEEARRREEKRLRRLEKKRRNLMLDDVIASGSSASAASEAQCKPYYSDYSRFRLLVHHLCTSHYLDLFITGVIGLNVVTMAMEHYQQPQILDEALKICNYIFTVIFVLESVFKLVAFGFRRFFQDRWNQLDLAIVLLSIMGITLEEIEVNASLPINPTIIRIMRVLRIARVLKLLKMAVGMRALLDTVMQALPQVGNLGLLFMLLFFIFAALGVELFGDLECDETHPCEGLGRHATFRNFGMAFLTLFRVSTGDNWNGIMKDTLRDCDQESTCYNTVISPIYFVSFVLTAQFVLVNVVIAVLMKHLEESNKEAKEEAELEAELELEMKTLSPQPHSPLGSPFLWPGVEGPDSPDSPKPGALHPAAHARSASHFSLEHPTDRQLFDTISLLIQGSLEWELKLMDELAGPGGQPSAFPSAPSLGGSDPQIPLAEMEALSLTSEIVSEPSCSLALTDDSLPDDMHTLLLSALESNMQPHPTELPGPDLLTVRKSGVSRTHSLPNDSYMCRHGSTAEGPLGHRGWGLPKAQSGSVLSVHSQPADTSYILQLPKDAPHLLQPHSAPTWGTIPKLPPPGRSPLAQRPLRRQAAIRTDSLDVQGLGSREDLLAEVSGPSPPLARAYSFWGQSSTQAQQHSRSHSKISKHMTPPAPCPGPEPNWGKGPPETRSSLELDTELSWISGDLLPPGGQEEPPSPRDLKKCYSVEAQSCQRRPTSWLDEQRRHSIAVSCLDSGSQPHLGTDPSNLGGQPLGGPGSRPKKKLSPPSITIDPPESQGPRTPPSPGICLRRRAPSSDSKDPLASGPPDSMAASPSPKKDVLSLSGLSSDPADLDP
472	474	420	793	O95180	 ENSP00000455840	 172471at2759	 CACNA1H	 KAKQRPY	MTEGARAADEVRVPLGAPPPGPAALVGASPESPGAPGREAERGSELGVSPSESPAAERGAELGADEEQRVPYPALAATVFFCLGQTTRPRSWCLRLVCNPWFEHVSMLVIMLNCVTLGMFRPCEDVECGSERCNILEAFDAFIFAFFAVEMVIKMVALGLFGQKCYLGDTWNRLDFFIVVAGMMEYSLDGHNVSLSAIRTVRVLRPLRAINRVPSMRILVTLLLDTLPMLGNVLLLCFFVFFIFGIVGVQLWAGLLRNRCFLDSAFVRNNNLTFLRPYYQTEEGEENPFICSSRRDNGMQKCSHIPGRRELRMPCTLGWEAYTQPQAEGVGAARNACINWNQYYNVCRSGDSNPHNGAINFDNIGYAWIAIFQVITLEGWVDIMYYVMDAHSFYNFIYFILLIIVGSFFMINLCLVVIATQFSETKQRESQLMREQRARHLSNDSTLASFSEPGSCYEELLKYVGHIFRKVKRRSLRLYARWQSRWRKKVDPSAVQGQGPGHRQRRAGRHTASVHHLVYHHHHHHHHHYHFSHGSPRRPGPEPGACDTRLVRAGAPPSPPSPGRGPPDAESVHSIYHADCHIEGPQERARVAHAAATAAASLRLATGLGTMNYPTILPSGVGSGKGSTSPGPKGKWAGGPPGTGGHGPLSLNSPDPYEKIPHVVGEHGLGQAPGHLSGLSVPCPLPSPPAGTLTCELKSCPYCTRALEDPEGELSGSESGDSDGRGVYEFTQDVRHGDRWDPTRPPRATDTPGPGPGSPQRRAQQRAAPGEPGWMGRLWVTFSGKLRRIVDSKYFSRGIMMAILVNTLSMGVEYHEQPEELTNALEISNIVFTSMFALEMLLKLLACGPLGYIRNPYNIFDGIIVVISVWEIVGQADGGLSVLRTFRLLRVLKLVRFLPALRRQLVVLVKTMDNVATFCTLLMLFIFIFSILGMHLFGCKFSLKTDTGDTVPDRKNFDSLLWAIVTVFQILTQEDWNVVLYNGMASTSSWAALYFVALMTFGNYVLFNLLVAILVEGFQAEGDANRSDTDEDKTSVHFEEDFHKLRELQTTELKMCSLAVTPNGHLEGRGSLSPPLIMCTAATPMPTPKSSPFLDAAPSLPDSRRGSSSSGDPPLGDQKPPASLRSSPCAPWGPSGAWSSRRSSWSSLGRAPSLKRRGQCGERESLLSGEGKGSTDDEAEDGRAAPGPRATPLRRAESLDPRPLRPAALPPTKCRDRDGQVVALPSDFFLRIDSHREDAAELDDDSEDSCCLRLHKVLEPYKPQWCRSREAWALYLFSPQNRFRVSCQKVITHKMFDHVVLVFIFLNCVTIALERPDIDPGSTERVFLSVSNYIFTAIFVAEMMVKVVALGLLSGEHAYLQSSWNLLDGLLVLVSLVDIVVAMASAGGAKILGVLRVLRLLRTLRPLRVISRAPGLKLVVETLISSLRPIGNIVLICCAFFIIFGILGVQLFKGKFYYCEGPDTRNISTKAQCRAAHYRWVRRKYNFDNLGQALMSLFVLSSKDGWVNIMYDGLDAVGVDQQPVQNHNPWMLLYFISFLLIVSFFVLNMFVGVVVENFHKCRQHQEAEEARRREEKRLRRLERRRRSTFPSPEAQRRPYYADYSPTRRSIHSLCTSHYLDLFITFIICVNVITMSMEHYNQPKSLDEALKYCNYVFTIVFVFEAALKLVAFGFRRFFKDRWNQLDLAIVLLSLMGITLEEIEMSAALPINPTIIRIMRVLRIARVLKLLKMATGMRALLDTVVQALPQVGNLGLLFMLLFFIYAALGVELFGRLECSEDNPCEGLSRHATFSNFGMAFLTLFRVSTGDNWNGIMKDTLRECSREDKHCLSYLPALSPVYFVTFVLVAQFVLVNVVVAVLMKHLEESNKEAREDAELDAEIELEMAQGPGSARRVDADRPPLPQESPGARDAPNLVARKVSVSRMLSLPNDSYMFRPVVPASAPHPRPLQEVEMETYGAGTPLGSVASVHSPPAESCASLQIPLAVSSPARSGEPLHALSPRGTARSPSLSRLLCRQEAVHTDSLEGKIDSPRDTLDPAEPGEKTPVRPVTQGGSLQSPPRSPRPASVRTRKHTFGQRCVSSRPAAPGGEEAEASDPADEEVSHITSSACPWQPTAEPHGPEASPVAGGERDLRRLYSVDAQGFLDKPGRADEQWRPSAELGSGEPGEAKAWGPEAEPALGARRKKKMSPPCISVEPPAEDEGSARPSAAEGGSTTLRRRTPSCEATPHRDSLEPTEGSGAGGDPAAKGERWGQASCRAEHLTVPSFAFEPLDLGVPSGDPFLDGSHSVTPESRASSSGAIVPLEPPESEPPMPVGDPPEKRRGLYLTVPQCPLEKPGSPSATPAPGGGADDPV
1155	1157	1016	1290	O95180	 ENSP00000455840	 172471at2759	 CACNA1H	 KAKQRPY	MTEGARAADEVRVPLGAPPPGPAALVGASPESPGAPGREAERGSELGVSPSESPAAERGAELGADEEQRVPYPALAATVFFCLGQTTRPRSWCLRLVCNPWFEHVSMLVIMLNCVTLGMFRPCEDVECGSERCNILEAFDAFIFAFFAVEMVIKMVALGLFGQKCYLGDTWNRLDFFIVVAGMMEYSLDGHNVSLSAIRTVRVLRPLRAINRVPSMRILVTLLLDTLPMLGNVLLLCFFVFFIFGIVGVQLWAGLLRNRCFLDSAFVRNNNLTFLRPYYQTEEGEENPFICSSRRDNGMQKCSHIPGRRELRMPCTLGWEAYTQPQAEGVGAARNACINWNQYYNVCRSGDSNPHNGAINFDNIGYAWIAIFQVITLEGWVDIMYYVMDAHSFYNFIYFILLIIVGSFFMINLCLVVIATQFSETKQRESQLMREQRARHLSNDSTLASFSEPGSCYEELLKYVGHIFRKVKRRSLRLYARWQSRWRKKVDPSAVQGQGPGHRQRRAGRHTASVHHLVYHHHHHHHHHYHFSHGSPRRPGPEPGACDTRLVRAGAPPSPPSPGRGPPDAESVHSIYHADCHIEGPQERARVAHAAATAAASLRLATGLGTMNYPTILPSGVGSGKGSTSPGPKGKWAGGPPGTGGHGPLSLNSPDPYEKIPHVVGEHGLGQAPGHLSGLSVPCPLPSPPAGTLTCELKSCPYCTRALEDPEGELSGSESGDSDGRGVYEFTQDVRHGDRWDPTRPPRATDTPGPGPGSPQRRAQQRAAPGEPGWMGRLWVTFSGKLRRIVDSKYFSRGIMMAILVNTLSMGVEYHEQPEELTNALEISNIVFTSMFALEMLLKLLACGPLGYIRNPYNIFDGIIVVISVWEIVGQADGGLSVLRTFRLLRVLKLVRFLPALRRQLVVLVKTMDNVATFCTLLMLFIFIFSILGMHLFGCKFSLKTDTGDTVPDRKNFDSLLWAIVTVFQILTQEDWNVVLYNGMASTSSWAALYFVALMTFGNYVLFNLLVAILVEGFQAEGDANRSDTDEDKTSVHFEEDFHKLRELQTTELKMCSLAVTPNGHLEGRGSLSPPLIMCTAATPMPTPKSSPFLDAAPSLPDSRRGSSSSGDPPLGDQKPPASLRSSPCAPWGPSGAWSSRRSSWSSLGRAPSLKRRGQCGERESLLSGEGKGSTDDEAEDGRAAPGPRATPLRRAESLDPRPLRPAALPPTKCRDRDGQVVALPSDFFLRIDSHREDAAELDDDSEDSCCLRLHKVLEPYKPQWCRSREAWALYLFSPQNRFRVSCQKVITHKMFDHVVLVFIFLNCVTIALERPDIDPGSTERVFLSVSNYIFTAIFVAEMMVKVVALGLLSGEHAYLQSSWNLLDGLLVLVSLVDIVVAMASAGGAKILGVLRVLRLLRTLRPLRVISRAPGLKLVVETLISSLRPIGNIVLICCAFFIIFGILGVQLFKGKFYYCEGPDTRNISTKAQCRAAHYRWVRRKYNFDNLGQALMSLFVLSSKDGWVNIMYDGLDAVGVDQQPVQNHNPWMLLYFISFLLIVSFFVLNMFVGVVVENFHKCRQHQEAEEARRREEKRLRRLERRRRSTFPSPEAQRRPYYADYSPTRRSIHSLCTSHYLDLFITFIICVNVITMSMEHYNQPKSLDEALKYCNYVFTIVFVFEAALKLVAFGFRRFFKDRWNQLDLAIVLLSLMGITLEEIEMSAALPINPTIIRIMRVLRIARVLKLLKMATGMRALLDTVVQALPQVGNLGLLFMLLFFIYAALGVELFGRLECSEDNPCEGLSRHATFSNFGMAFLTLFRVSTGDNWNGIMKDTLRECSREDKHCLSYLPALSPVYFVTFVLVAQFVLVNVVVAVLMKHLEESNKEAREDAELDAEIELEMAQGPGSARRVDADRPPLPQESPGARDAPNLVARKVSVSRMLSLPNDSYMFRPVVPASAPHPRPLQEVEMETYGAGTPLGSVASVHSPPAESCASLQIPLAVSSPARSGEPLHALSPRGTARSPSLSRLLCRQEAVHTDSLEGKIDSPRDTLDPAEPGEKTPVRPVTQGGSLQSPPRSPRPASVRTRKHTFGQRCVSSRPAAPGGEEAEASDPADEEVSHITSSACPWQPTAEPHGPEASPVAGGERDLRRLYSVDAQGFLDKPGRADEQWRPSAELGSGEPGEAKAWGPEAEPALGARRKKKMSPPCISVEPPAEDEGSARPSAAEGGSTTLRRRTPSCEATPHRDSLEPTEGSGAGGDPAAKGERWGQASCRAEHLTVPSFAFEPLDLGVPSGDPFLDGSHSVTPESRASSSGAIVPLEPPESEPPMPVGDPPEKRRGLYLTVPQCPLEKPGSPSATPAPGGGADDPV
2320	2322	1864	2353	O95180	 ENSP00000455840	 172471at2759	 CACNA1H	 KAKQRPY	MTEGARAADEVRVPLGAPPPGPAALVGASPESPGAPGREAERGSELGVSPSESPAAERGAELGADEEQRVPYPALAATVFFCLGQTTRPRSWCLRLVCNPWFEHVSMLVIMLNCVTLGMFRPCEDVECGSERCNILEAFDAFIFAFFAVEMVIKMVALGLFGQKCYLGDTWNRLDFFIVVAGMMEYSLDGHNVSLSAIRTVRVLRPLRAINRVPSMRILVTLLLDTLPMLGNVLLLCFFVFFIFGIVGVQLWAGLLRNRCFLDSAFVRNNNLTFLRPYYQTEEGEENPFICSSRRDNGMQKCSHIPGRRELRMPCTLGWEAYTQPQAEGVGAARNACINWNQYYNVCRSGDSNPHNGAINFDNIGYAWIAIFQVITLEGWVDIMYYVMDAHSFYNFIYFILLIIVGSFFMINLCLVVIATQFSETKQRESQLMREQRARHLSNDSTLASFSEPGSCYEELLKYVGHIFRKVKRRSLRLYARWQSRWRKKVDPSAVQGQGPGHRQRRAGRHTASVHHLVYHHHHHHHHHYHFSHGSPRRPGPEPGACDTRLVRAGAPPSPPSPGRGPPDAESVHSIYHADCHIEGPQERARVAHAAATAAASLRLATGLGTMNYPTILPSGVGSGKGSTSPGPKGKWAGGPPGTGGHGPLSLNSPDPYEKIPHVVGEHGLGQAPGHLSGLSVPCPLPSPPAGTLTCELKSCPYCTRALEDPEGELSGSESGDSDGRGVYEFTQDVRHGDRWDPTRPPRATDTPGPGPGSPQRRAQQRAAPGEPGWMGRLWVTFSGKLRRIVDSKYFSRGIMMAILVNTLSMGVEYHEQPEELTNALEISNIVFTSMFALEMLLKLLACGPLGYIRNPYNIFDGIIVVISVWEIVGQADGGLSVLRTFRLLRVLKLVRFLPALRRQLVVLVKTMDNVATFCTLLMLFIFIFSILGMHLFGCKFSLKTDTGDTVPDRKNFDSLLWAIVTVFQILTQEDWNVVLYNGMASTSSWAALYFVALMTFGNYVLFNLLVAILVEGFQAEGDANRSDTDEDKTSVHFEEDFHKLRELQTTELKMCSLAVTPNGHLEGRGSLSPPLIMCTAATPMPTPKSSPFLDAAPSLPDSRRGSSSSGDPPLGDQKPPASLRSSPCAPWGPSGAWSSRRSSWSSLGRAPSLKRRGQCGERESLLSGEGKGSTDDEAEDGRAAPGPRATPLRRAESLDPRPLRPAALPPTKCRDRDGQVVALPSDFFLRIDSHREDAAELDDDSEDSCCLRLHKVLEPYKPQWCRSREAWALYLFSPQNRFRVSCQKVITHKMFDHVVLVFIFLNCVTIALERPDIDPGSTERVFLSVSNYIFTAIFVAEMMVKVVALGLLSGEHAYLQSSWNLLDGLLVLVSLVDIVVAMASAGGAKILGVLRVLRLLRTLRPLRVISRAPGLKLVVETLISSLRPIGNIVLICCAFFIIFGILGVQLFKGKFYYCEGPDTRNISTKAQCRAAHYRWVRRKYNFDNLGQALMSLFVLSSKDGWVNIMYDGLDAVGVDQQPVQNHNPWMLLYFISFLLIVSFFVLNMFVGVVVENFHKCRQHQEAEEARRREEKRLRRLERRRRSTFPSPEAQRRPYYADYSPTRRSIHSLCTSHYLDLFITFIICVNVITMSMEHYNQPKSLDEALKYCNYVFTIVFVFEAALKLVAFGFRRFFKDRWNQLDLAIVLLSLMGITLEEIEMSAALPINPTIIRIMRVLRIARVLKLLKMATGMRALLDTVVQALPQVGNLGLLFMLLFFIYAALGVELFGRLECSEDNPCEGLSRHATFSNFGMAFLTLFRVSTGDNWNGIMKDTLRECSREDKHCLSYLPALSPVYFVTFVLVAQFVLVNVVVAVLMKHLEESNKEAREDAELDAEIELEMAQGPGSARRVDADRPPLPQESPGARDAPNLVARKVSVSRMLSLPNDSYMFRPVVPASAPHPRPLQEVEMETYGAGTPLGSVASVHSPPAESCASLQIPLAVSSPARSGEPLHALSPRGTARSPSLSRLLCRQEAVHTDSLEGKIDSPRDTLDPAEPGEKTPVRPVTQGGSLQSPPRSPRPASVRTRKHTFGQRCVSSRPAAPGGEEAEASDPADEEVSHITSSACPWQPTAEPHGPEASPVAGGERDLRRLYSVDAQGFLDKPGRADEQWRPSAELGSGEPGEAKAWGPEAEPALGARRKKKMSPPCISVEPPAEDEGSARPSAAEGGSTTLRRRTPSCEATPHRDSLEPTEGSGAGGDPAAKGERWGQASCRAEHLTVPSFAFEPLDLGVPSGDPFLDGSHSVTPESRASSSGAIVPLEPPESEPPMPVGDPPEKRRGLYLTVPQCPLEKPGSPSATPAPGGGADDPV
450	452	399	640	Q9P0X4	 ENSP00000385680	 172471at2759	 CACNA1I	 NWCIKMA	MAESASPPSSSAAAPAAEPGVTTEQPGPRSPPSSPPGLEEPLDGADPHVPHPDLAPIAFFCLRQTTSPRNWCIKMVCNPWFECVSMLVILLNCVTLGMYQPCDDMDCLSDRCKILQVFDDFIFIFFAMEMVLKMVALGIFGKKCYLGDTWNRLDFFIVMAGMVEYSLDLQNINLSAIRTVRVLRPLKAINRVPSMRILVNLLLDTLPMLGNVLLLCFFVFFIFGIIGVQLWAGLLRNRCFLEENFTIQGDVALPPYYQPEEDDEMPFICSLSGDNGIMGCHEIPPLKEQGRECCLSKDDVYDFGAGRQDLNASGLCVNWNRYYNVCRTGSANPHKGAINFDNIGYAWIVIFQVITLEGWVEIMYYVMDAHSFYNFIYFILLIIVGSFFMINLCLVVIATQFSETKQREHRLMLEQRQRYLSSSTVASYAEPGDCYEEIFQYVCHILRKAKRRALGLYQALQSRRQALGPEAPAPAKPGPHAKEPRHYHGKTKGQGDEGRHLGSRHCQTLHGPASPGNDHSGRELCPQHSPLDATPHTLVQPIPATLASDPASCPCCQHEDGRRPSGLGSTDSGQEGSGSGSSAGGEDEADGDGARSSEDGASSELGKEEEEEEQADGAVWLCGDVWRETRAKLRGIVDSKYFNRGIMMAILVNTVSMGIEHHEQPEELTNILEICNVVFTSMFALEMILKLAAFGLFDYLRNPYNIFDSIIVIISIWEIVGQADGGLSVLRTFRLLRVLKLVRFMPALRRQLVVLMKTMDNVATFCMLLMLFIFIFSILGMHIFGCKFSLRTDTGDTVPDRKNFDSLLWAIVTVFQILTQEDWNVVLYNGMASTSPWASLYFVALMTFGNYVLFNLLVAILVEGFQAEGDANRSYSDEDQSSSNIEEFDKLQEGLDSSGDPKLCPIPMTPNGHLDPSLPLGGHLGPAGAAGPAPRLSLQPDPMLVALGSRKSSVMSLGRMSYDQRSLSSSRSSYYGPWGRSAAWASRRSSWNSLKHKPPSAEHESLLSAERGGGARVCEVAADEGPPRAAPLHTPHAHHIHHGPHLAHRHRHHRRTLSLDNRDSVDLAELVPAVGAHPRAAWRAAGPAPGHEDCNGRMPSIAKDVFTKMGDRGDRGEDEEEIDYTLCFRVRKMIDVYKPDWCEVREDWSVYLFSPENRFRVLCQTIIAHKLFDYVVLAFIFLNCITIALERPQIEAGSTERIFLTVSNYIFTAIFVGEMTLKVVSLGLYFGEQAYLRSSWNVLDGFLVFVSIIDIVVSLASAGGAKILGVLRVLRLLRTLRPLRVISRAPGLKLVVETLISSLKPIGNIVLICCAFFIIFGILGVQLFKGKFYHCLGVDTRNITNRSDCMAANYRWVHHKYNFDNLGQALMSLFVLASKDGWVNIMYNGLDAVAVDQQPVTNHNPWMLLYFISFLLIVSFFVLNMFVGVVVENFHKCRQHQEAEEARRREEKRLRRLEKKRRKAQRLPYYATYCHTRLLIHSMCTSHYLDIFITFIICLNVVTMSLEHYNQPTSLETALKYCNYMFTTVFVLEAVLKLVAFGLRRFFKDRWNQLDLAIVLLSVMGITLEEIEINAALPINPTIIRIMRVLRIARVLKLLKMATGMRALLDTVVQALPQVGNLGLLFMLLFFIYAALGVELFGKLVCNDENPCEGMSRHATFENFGMAFLTLFQVSTGDNWNGIMKDTLRDCTHDERSCLSSLQFVSPLYFVSFVLTAQFVLINVVVAVLMKHLDDSNKEAQEDAEMDAELELEMAHGLGPGPRLPTGSPGAPGRGPGGAGGGGDTEGGLCRRCYSPAQENLWLDSVSLIIKDSLEGELTIIDNLSGSIFHHYSSPAGCKKCHHDKQEVQLAETEAFSLNSDRSSSILLGDDLSLEDPTACPPGRKDSKGELDPPEPMRVGDLGECFFPLSSTAVSPDPENFLCEMEEIPFNPVRSWLKHDSSQAPPSPFSPDASSPLLPMPAEFFHPAVSASQKGPEKGTGTGTLPKIALQGSWASLRSPRVNCTLLRQATGSDTSLDASPSSSAGSLQTTLEDSLTLSDSPRRALGPPAPAPGPRAGLSPAARRRLSLRGRGLFSLRGLRAHQRSHSSGGSTSPGCTHHDSMDPSDEEGRGGAGGGGAGSEHSETLSSLSLTSLFCPPPPPPAPGLTPARKFSSTSSLAAPGRPHAAALAHGLARSPSWAADRSKDPPGRAPLPMGLGPLAPPPQPLPGELEPGDAASKRKR
1460	1462	1432	1485	Q9P0X4	 ENSP00000385680	 172471at2759	 CACNA1I	 NWCIKMA	MAESASPPSSSAAAPAAEPGVTTEQPGPRSPPSSPPGLEEPLDGADPHVPHPDLAPIAFFCLRQTTSPRNWCIKMVCNPWFECVSMLVILLNCVTLGMYQPCDDMDCLSDRCKILQVFDDFIFIFFAMEMVLKMVALGIFGKKCYLGDTWNRLDFFIVMAGMVEYSLDLQNINLSAIRTVRVLRPLKAINRVPSMRILVNLLLDTLPMLGNVLLLCFFVFFIFGIIGVQLWAGLLRNRCFLEENFTIQGDVALPPYYQPEEDDEMPFICSLSGDNGIMGCHEIPPLKEQGRECCLSKDDVYDFGAGRQDLNASGLCVNWNRYYNVCRTGSANPHKGAINFDNIGYAWIVIFQVITLEGWVEIMYYVMDAHSFYNFIYFILLIIVGSFFMINLCLVVIATQFSETKQREHRLMLEQRQRYLSSSTVASYAEPGDCYEEIFQYVCHILRKAKRRALGLYQALQSRRQALGPEAPAPAKPGPHAKEPRHYHGKTKGQGDEGRHLGSRHCQTLHGPASPGNDHSGRELCPQHSPLDATPHTLVQPIPATLASDPASCPCCQHEDGRRPSGLGSTDSGQEGSGSGSSAGGEDEADGDGARSSEDGASSELGKEEEEEEQADGAVWLCGDVWRETRAKLRGIVDSKYFNRGIMMAILVNTVSMGIEHHEQPEELTNILEICNVVFTSMFALEMILKLAAFGLFDYLRNPYNIFDSIIVIISIWEIVGQADGGLSVLRTFRLLRVLKLVRFMPALRRQLVVLMKTMDNVATFCMLLMLFIFIFSILGMHIFGCKFSLRTDTGDTVPDRKNFDSLLWAIVTVFQILTQEDWNVVLYNGMASTSPWASLYFVALMTFGNYVLFNLLVAILVEGFQAEGDANRSYSDEDQSSSNIEEFDKLQEGLDSSGDPKLCPIPMTPNGHLDPSLPLGGHLGPAGAAGPAPRLSLQPDPMLVALGSRKSSVMSLGRMSYDQRSLSSSRSSYYGPWGRSAAWASRRSSWNSLKHKPPSAEHESLLSAERGGGARVCEVAADEGPPRAAPLHTPHAHHIHHGPHLAHRHRHHRRTLSLDNRDSVDLAELVPAVGAHPRAAWRAAGPAPGHEDCNGRMPSIAKDVFTKMGDRGDRGEDEEEIDYTLCFRVRKMIDVYKPDWCEVREDWSVYLFSPENRFRVLCQTIIAHKLFDYVVLAFIFLNCITIALERPQIEAGSTERIFLTVSNYIFTAIFVGEMTLKVVSLGLYFGEQAYLRSSWNVLDGFLVFVSIIDIVVSLASAGGAKILGVLRVLRLLRTLRPLRVISRAPGLKLVVETLISSLKPIGNIVLICCAFFIIFGILGVQLFKGKFYHCLGVDTRNITNRSDCMAANYRWVHHKYNFDNLGQALMSLFVLASKDGWVNIMYNGLDAVAVDQQPVTNHNPWMLLYFISFLLIVSFFVLNMFVGVVVENFHKCRQHQEAEEARRREEKRLRRLEKKRRKAQRLPYYATYCHTRLLIHSMCTSHYLDIFITFIICLNVVTMSLEHYNQPTSLETALKYCNYMFTTVFVLEAVLKLVAFGLRRFFKDRWNQLDLAIVLLSVMGITLEEIEINAALPINPTIIRIMRVLRIARVLKLLKMATGMRALLDTVVQALPQVGNLGLLFMLLFFIYAALGVELFGKLVCNDENPCEGMSRHATFENFGMAFLTLFQVSTGDNWNGIMKDTLRDCTHDERSCLSSLQFVSPLYFVSFVLTAQFVLINVVVAVLMKHLDDSNKEAQEDAEMDAELELEMAHGLGPGPRLPTGSPGAPGRGPGGAGGGGDTEGGLCRRCYSPAQENLWLDSVSLIIKDSLEGELTIIDNLSGSIFHHYSSPAGCKKCHHDKQEVQLAETEAFSLNSDRSSSILLGDDLSLEDPTACPPGRKDSKGELDPPEPMRVGDLGECFFPLSSTAVSPDPENFLCEMEEIPFNPVRSWLKHDSSQAPPSPFSPDASSPLLPMPAEFFHPAVSASQKGPEKGTGTGTLPKIALQGSWASLRSPRVNCTLLRQATGSDTSLDASPSSSAGSLQTTLEDSLTLSDSPRRALGPPAPAPGPRAGLSPAARRRLSLRGRGLFSLRGLRAHQRSHSSGGSTSPGCTHHDSMDPSDEEGRGGAGGGGAGSEHSETLSSLSLTSLFCPPPPPPAPGLTPARKFSSTSSLAAPGRPHAAALAHGLARSPSWAADRSKDPPGRAPLPMGLGPLAPPPQPLPGELEPGDAASKRKR
682	684	654	799	Q13698	 ENSP00000355192	 172471at2759	 CACNA1S	 RSKMPEK	MEPSSPQDEGLRKKQPKKPVPEILPRPPRALFCLTLENPLRKACISIVEWKPFETIILLTIFANCVALAVYLPMPEDDNNSLNLGLEKLEYFFLIVFSIEAAMKIIAYGFLFHQDAYLRSGWNVLDFTIVFLGVFTVILEQVNVIQSHTAPMSSKGAGLDVKALRAFRVLRPLRLVSGVPSLQVVLNSIFKAMLPLFHIALLVLFMVIIYAIIGLELFKGKMHKTCYFIGTDIVATVENEEPSPCARTGSGRRCTINGSECRGGWPGPNHGITHFDNFGFSMLTVYQCITMEGWTDVLYWVNDAIGNEWPWIYFVTLILLGSFFILNLVLGVLSGEFTKEREKAKSRGTFQKLREKQQLDEDLRGYMSWITQGEVMDVEDFREGKLSLDEGGSDTESLYEIAGLNKIIQFIRHWRQWNRIFRWKCHDIVKSKVFYWLVILIVALNTLSIASEHHNQPLWLTRLQDIANRVLLSLFTTEMLMKMYGLGLRQYFMSIFNRFDCFVVCSGILEILLVESGAMTPLGISVLRCIRLLRIFKITKYWTSLSNLVASLLNSIRSIASLLLLLFLFIVIFALLGMQLFGGRYDFEDTEVRRSNFDNFPQALISVFQVLTGEDWTSMMYNGIMAYGGPSYPGMLVCIYFIILFVCGNYILLNVFLAIAVDNLAEAESLTSAQKAKAEEKKRRKMSKGLPDKSEEEKSTMAKKLEQKPKGEGIPTTAKLKIDEFESNVNEVKDPYPSADFPGDDEEDEPEIPLSPRPRPLAELQLKEKAVPIPEASSFFIFSPTNKIRVLCHRIVNATWFTNFILLFILLSSAALAAEDPIRADSMRNQILKHFDIGFTSVFTVEIVLKMTTYGAFLHKGSFCRNYFNMLDLLVVAVSLISMGLESSAISVVKILRVLRVLRPLRAINRAKGLKHVVQCMFVAISTIGNIVLVTTLLQFMFACIGVQLFKGKFFRCTDLSKMTEEECRGYYYVYKDGDPMQIELRHREWVHSDFHFDNVLSAMMSLFTVSTFEGWPQLLYKAIDSNAEDVGPIYNNRVEMAIFFIIYIILIAFFMMNIFVGFVIVTFQEQGETEYKNCELDKNQRQCVQYALKARPLRCYIPKNPYQYQVWYIVTSSYFEYLMFALIMLNTICLGMQHYNQSEQMNHISDILNVAFTIIFTLEMILKLMAFKARGYFGDPWNVFDFLIVIGSIIDVILSEIDTFLASSGGLYCLGGGCGNVDPDESARISSAFFRLFRVMRLIKLLSRAEGVRTLLWTFIKSFQALPYVALLIVMLFFIYAVIGMQMFGKIALVDGTQINRNNNFQTFPQAVLLLFRCATGEAWQEILLACSYGKLCDPESDYAPGEEYTCGTNFAYYYFISFYMLCAFLVINLFVAVIMDNFDYLTRDWSILGPHHLDEFKAIWAEYDPEAKGRIKHLDVVTLLRRIQPPLGFGKFCPHRVACKRLVGMNMPLNSDGTVTFNATLFALVRTALKIKTEGNFEQANEELRAIIKKIWKRTSMKLLDQVIPPIGDDEVTVGKFYATFLIQEHFRKFMKRQEEYYGYRPKKDIVQIQAGLRTIEEEAAPEICRTVSGDLAAEEELERAMVEAAMEEGIFRRTGGLFGQVDNFLERTNSLPPVMANQRPLQFAEIEMEEMESPVFLEDFPQDPRTNPLARANTNNANANVAYGNSNHSNSHVFSSVHYEREFPEETETPATRGRALGQPCRVLGPHSKPCVEMLKGLLTQRAMPRGQAPPAPCQCPRVESSMPEDRKSSTPGSLHEETPHSRSTRENTSRCSAPATALLIQKALVRGGLGTLAADANFIMATGQALADACQMEPEEVEIMATELLKGREAPEGMASSLGCLNLGSSLGSLDQHQGSQETLIPPRL
747	749	746	906	P19022	 ENSP00000382312		 CDH2	 NVRFQSC	MCRIAGALRTLLPLLAALLQASVEASGEIALCKTGFPEDVYSAVLSKDVHEGQPLLNVKFSNCNGKRKVQYESSEPADFKVDEDGMVYAVRSFPLSSEHAKFLIYAQDKETQEKWQVAVKLSLKPTLTEESVKESAEVEEIVFPRQFSKHSGHLQRQKRDWVIPPINLPENSRGPFPQELVRIRSDRDKNLSLRYSVTGPGADQPPTGIFIINPISGQLSVTKPLDREQIARFHLRAHAVDINGNQVENPIDIVINVIDMNDNRPEFLHQVWNGTVPEGSKPGTYVMTVTAIDADDPNALNGMLRYRIVSQAPSTPSPNMFTINNETGDIITVAAGLDREKVQQYTLIIQATDMEGNPTYGLSNTATAVITVTDVNDNPPEFTAMTFYGEVPENRVDIIVANLTVTDKDQPHTPAWNAVYRISGGDPTGRFAIQTDPNSNDGLVTVVKPIDFETNRMFVLTVAAENQVPLAKGIQHPPQSTATVSVTVIDVNENPYFAPNPKIIRQEEGLHAGTMLTTFTAQDPDRYMQQNIRYTKLSDPANWLKIDPVNGQITTIAVLDRESPNVKNNIYNATFLASDNGIPPMSGTGTLQIYLLDINDNAPQVLPQEAETCETPDPNSINITALDYDIDPNAGPFAFDLPLSPVTIKRNWTITRLNGDFAQLNLKIKFLEAGIYEVPIIITDSGNPPKSNISILRVKVCQCDSNGDCTDVDRIVGAGLGTGAIIAILLCIIILLILVLMFVVWMKRRDKERQAKQLLIDPEDDVRDNILKYDEEGGGEEDQDYDLSQLQQPDTVEPDAIKPVGIRRMDERPIHAEPQYPVRSAAPHPGDIGDFINEGLKAADNDPTAPPYDSLLVFDYEGSGSTAGSLSSLNSSSSGGEQDYDYLNDWGPRFKKLADMYGGGDD
88	90	52	164	P20963	 ENSP00000375969	 1389458at2759	 CD247	 EMGGKQP	MKWKALFTAAILQAQLPITEAQSFGLLDPKLCYLLDGILFIYGVILTALFLRVKFSRSADAPAYQQGQNQLYNELNLGRREEYDVLDKRRGRDPEMGGKPQRRKNPQEGLYNELQKDKMAEAYSEIGMKGERRRGKGHDGLYQGLSTATKDTYDALHMQALPPR
86	88	83	197	Q6NUJ2	 ENSP00000331581	 1485645at2759	 C11orf87	 RDSAFCA	MSARAPKELRLALPPCLLNRTFASPNASGSGNTGARGPGAVGSGTCITQVGQQLFQSFSSTLVLIVLVTLIFCLIVLSLSTFHIHKRRMKKRKMQRAQEEYERDHCSGSRGGGGLPRPGRQAPTHAKETRLERQPRDSPFCAPSNASSLSSSSPGLPCQGPCAPPPPPPASSPQGAHAASSCLDTAGEGLLQTVVLS
209	211	186	224	P56750	 ENSP00000286808	 1314055at2759	 CLDN17	 VCWTANI	MAFYPLQIAGLVLGFLGMVGTLATTLLPQWRVSAFVGSNIIVFERLWEGLWMNCIRQARVRLQCKFYSSLLALPPALETARALMCVAVALSLIALLIGICGMKQVQCTGSNERAKAYLLGTSGVLFILTGIFVLIPVSWTANIIIRDFYNPAIHIGQKRELGAALFLGWASAAVLFIGGGLLCGFCCCNRKKQGYRYPVPGYRVPHTDKRRNTTMLSKTSTSYV
115	117	103	124	C9JDP6	 ENSP00000396304	 1368971at2759	 CLDN25	 QDFWDDS	MAWSFRAKVQLGGLLLSLLGWVCSCVTTILPQWKTLNLELNEMETWIMGIWEVCVDREEVATVCKAFESFLSLPQELQVARILMVASHGLGLLGLLLCSFGSECFQFHRIRWVFKRRLGLLGRTLEASASATTLLPVSWVAHATIQDFWDDSIPDIIPRWEFGGALYLGWAAGIFLALGGLLLIFSACLGKEDVPFPLMAGPTVPLSCAPVEESDGSFHLMLRPRNLVI
604	606	493	610	O14967	 ENSP00000392782		 CLGN	 PVCEKAA	MHFQAFWLCLGLLFISINAEFMDDDVETEDFEENSEEIDVNESELSSEIKYKTPQPIGEVYFAETFDSGRLAGWVLSKAKKDDMDEEISIYDGRWEIEELKENQVPGDRGLVLKSRAKHHAISAVLAKPFIFADKPLIVQYEVNFQDGIDCGGAYIKLLADTDDLILENFYDKTSYIIMFGPDKCGEDYKLHFIFRHKHPKTGVFEEKHAKPPDVDLKKFFTDRKTHLYTLVMNPDDTFEVLVDQTVVNKGSLLEDVVPPIKPPKEIEDPNDKKPEEWDERAKIPDPSAVKPEDWDESEPAQIEDSSVVKPAGWLDDEPKFIPDPNAEKPDDWNEDTDGEWEAPQILNPACRIGCGEWKPPMIDNPKYKGVWRPPLVDNPNYQGIWSPRKIPNPDYFEDDHPFLLTSFSALGLELWSMTSDIYFDNFIICSEKEVADHWAADGWRWKIMIANANKPGVLKQLMAAAEGHPWLWLIYLVTAGVPIALITSFCWPRKVKKKHKDTEYKKTDICIPQTKGVLEQEEKEEKAALEKPMDLEEEKKQNDGEMLEKEEESEPEEKSEEEIEIIEGQEESNQSNKSGSEDEMKEADESTGSGDGPIKSVRKRRVRKD
517	519	450	538	Q96KA5	 ENSP00000480372	 1106937at2759	 CLPTM1L	 FVSSIHM	MWSGRSSFTSLVVGVFVVYVVHTCWVMYGIVYTRPCSGDANCIQPYLARRPKLQLSVYTTTRSHLGAENNIDLVLNVEDFDVESKFERTVNVSVPKKTRNNGTLYAYIFLHHAGVLPWHDGKQVHLVSPLTTYMVPKPEEINLLTGESDTQQIEAEKKPTSALDEPVSHWRPRLALNVMADNFVFDGSSLPADVHRYMKMIQLGKTVHYLPILFIDQLSNRVKDLMVINRSTTELPLTVSYDKVSLGRLRFWIHMQDAVYSLQQFGFSEKDADEVKGIFVDTNLYFLALTFFVAAFHLLFDFLAFKNDISFWKKKKSMIGMSTKAVLWRCFSTVVIFLFLLDEQTSLLVLVPAGVGAAIELWKVKKALKMTIFWRGLMPEFQFGTYSESERKTEEYDTQAMKYLSYLLYPLCVGGAVYSLLNIKYKSWYSWLINSFVNGVYAFGFLFMLPQLFVNYKLKSVAHLPWKAFTYKAFNTFIDDVFAFIITMPTSHRLACFRDDVVFLVYLYQRWLYPVDKRRVNEFGESYEEKATRAPHTD
643	645	1	664	Q6PJW8	 ENSP00000355470	 1451496at2759	 CNST	 PLMQEKI	MDDSDTPTYYLQIEPQDGCHPGDSVERSVTCLPSASDENENQLDGDGHEHLTSSDSAMGKPQVSEQDSLNNNESCTLSCEVAAGENLQNTLCEASRDEQAFLGKDKKIPGKRSPRSKKGTAKKIPPGLFSGDIAPLMQEKVLSAVTYAVDDEEAAEVNANEQPEAPKLVLQSLFSLIRGEVEQLDSRALPLCLHQIAESYFQEEDYEKAMKFIQLERLYHEQLLANLSAIQEQWETKWKTVQPHTVTALRNSEKGFNGEDFERLTKICATHQDPLLSKHKIAAVEKSQERKCSTQLLVSEDPKEGGATTKESESKTCLGTESSKESQHTVEPLGSSPCCHQMDVQTDSPSLSVTAGKDHMEELLCSAEATLALHTQSSETAGSPSGPDSSEDACEDDSRLQLAQTEACQDVARIEGIAEDPKVFLSSKSKTEPLISPGCDRIPPALISEGKYSQAQRKELRLPLRDASEALPTDQLENNELNELQQPDLTDSDGKSPQAQADSDGSENVLCGNNQISDLGILLPEVCMAPEEKGDKDDQLNKETEDYLNSLLEGCLKDTEDSLSYEDNQDDDSDLLQDLSPEEASYSLQENLPSDESCLSLDDLAKRIEIAEVVPTEGLVSILKKRNDTVGDHPAQMQHKPSKRRVRFQEIDDSLDQDEVGGGSCILLVLLCIATVFLSVGGTALYCTFGDMESPVCTDFADNMDFYYTKLLQGVAELKHWIYLS
769	771	127	803	Q8TCG5	 ENSP00000473028	 559299at2759	 CPT1C	 VYSEQWQ	MAEAHQAVGFRPSLTSDGAEVELSAPVLQEIYLSGLRSWKRHLSRFWNDFLTGVFPASPLSWLFLFSAIQLAWFLQLDPSLGLMEKIKELLPDWGGQHHGLRGVLAAALFASCLWGALIFTLHVALRLLLSYHGWLLEPHGAMSSPTKTWLALVRIFSGRHPMLFSYQRSLPRQPVPSVQDTVRKYLESVRPILSDEDFDWTAVLAQEFLRLQASLLQWYLRLKSWWASNYVSDWWEEFVYLRSRNPLMVNSNYYMMDFLYVTPTPLQAARAGNAVHALLLYRHRLNRQEIPPTLLMGMRPLCSAQYEKIFNTTRIPGVQKDYIRHLHDSQHVAVFHRGRFFRMGTHSRNSLLSPRALEQQFQRILDDPSPACPHEEHLAALTAAPRGTWAQVRTSLKTQAAEALEAVEGAAFFVSLDAEPAGLTREDPAASLDAYAHALLAGRGHDRWFDKSFTLIVFSNGKLGLSVEHSWADCPISGHMWEFTLATECFQLGYSTDGHCKGHPDPTLPQPQRLQWDLPDQIHSSISLALRGAKILSENVDCHVVPFSLFGKSFIRRCHLSSDSFIQIALQLAHFRDRGQFCLTYESAMTRLFLEGRTETVRSCTREACNFVRAMEDKEKTDPQCLALFRVAVDKHQALLKAAMSGQGVDRHLFALYIVSRFLHLQSPFLTQVHSEQWQLSTSQIPVQQMHLFDVHNYPDYVSSGGGFGPADDHGYGVSYIFMGDGMITFHISSKKSSTKTDSHRLGQHIEDALLDVASLFQAGQHFKRRFRGSGKENSRHRCGFLSRQTGASKASMTSTDF
21	23	1	42	Q7Z407	 ENSP00000412263	 2377at2759	 CSMD3	 FKIRYVA	MKGIRKGESRAKESKPWEPGKRRCAKCGRLDFILMKKMGIKSGFTFWNLVFLLTVSCVKGFIYTCGGTLKGLNGTIESPGFPYGYPNGANCTWVIIAEERNRIQIVFQSFALEEEYDYLSLYDGHPHPTNFRTRLTGFHLPPPVTSTKSVFSLRLTSDFAVSAHGFKVYYEELQSSSCGNPGVPPKGVLYGTRFDVGDKIRYSCVTGYILDGHPQLTCIANSVNTASWDFPVPICRAEDACGGTMRGSSGIISSPSFPNEYHNNADCTWTIVAEPGDTISLIFTDFQMEEKYDYLEIEGSEPPTIWLSGMNIPPPIISNKNWLRLHFVTDSNHRYRGFSAPYQGSSTLTHTTSTGELEEHNRTTTGAIAVASTPADVTVSSVTAVTIHRLSEEQRVQVTSLRNSGLDPNTSKDGLSPHPADTQSTRRRPRHAEQIERTKELAVVTHRVKKAIDFKSRGFKLFPGKDNSNKFSILNEGGIKTASNLCPDPGEPENGKRIGSDFSLGSTVQFSCDEDYVLQGAKSITCQRIAEVFAAWSDHRPVCKVKTCGSNLQGPSGTFTSPNFPFQYDSNAQCVWVITAVNTNKVIQINFEEFDLEIGYDTLTIGDGGEVGDPRTVLQVLTGSFVPDLIVSMSSQMWLHLQTDESVGSVGFKVNYKEIEKESCGDPGTPLYGIREGDGFSNRDVLRFECQFGFELIGEKSIVCQENNQWSANIPICIFPCLSNFTAPMGTVLSPDYPEGYGNNLNCIWTIISDPGSRIHLSFNDFDLESQFDFLAVKDGDSPESPILGTFTGAEVPSHLTSNSHILRLEFQADHSMSGRGFNITYNTFGHNECPDPGIPINARRFGDNFQLGSSISVICEEGFIKTQGTETITCILMDGKVMWSGLIPKCGAPCGGHFSAPSGVILSPGWPGYYKDSLNCEWVIEAEPGHSIKITFERFQTELNYDVLEVHDGPNLLSPLLGSYNGTQVPQFLFSSSNFIYLLFTTDNSRSNNGFKIHYESVTVNTYSCLDPGIPVHGRRYGHDFSIGSTVSFSCDSGYRLSHEEPLLCEKNHWWSHPLPTCDALCGGDVRGPSGTILSPGYPEFYPNSLNCTWTVDVTHGKGVQFNFHTFHLEDHHDYLLITENGSFTQPLARLTGSDLPPTINAGLYGNFRAQLRFISDFSISYEGFNITFSEYNLEPCEDPGIPQYGSRIGFNFGIGDTLTFSCSSGYRLEGTSEIICLGGGRRVWSAPLPRCVAECGASATNNEGILLSPNYPLNYENNHECIYSIQVQAGKGINISARTFHLAQGDVLKIYDGKDKTTHLLGAFTGASMRGLTLSSTSNQLWLEFNSDTEGTDEGFQLVYTSFELSHCEDPGIPQFGYKISDQGHFAGSTIIYGCNPGYTLHGSSLLKCMTGERRAWDYPLPSCIAECGGRFKGESSGRILSPGYPFPYDNNLRCMWMIEVDPGNIVSLQFLAFDTEASHDILRVWDGPPENDMLLKEISGSLIPEGIHSTLNIVTIQFDTDFYISKSGFAIQFSSSVATACRDPGVPMNGTRNGDGREPGDTVVFQCDPGYELQGEERITCIQVENRYFWQPSPPVCIAPCGGNLTGSSGFILSPNFPHPYPHSRDCDWTITVNADYVISLAFISFSIEPNYDFLYIYDGPDSNSPLIGSFQDSKLPERIESSSNTMHLAFRSDGSVSYTGFHLEYKAKLRESCFDPGNIMNGTRLGMDYKLGSTVTYYCDAGYVLQGYSTLTCIMGDDGRPGWNRALPSCHAPCGSRSTGSEGTVLSPNYPKNYSVGHNCVYSIAVPKEFVVFGQFVFFQTSLHDVVEVYDGPTQQSSLLSSLSGSHSGESLPLSSGNQITIRFTSVGPITAKGFHFVYQAVPRTSSTQCSSVPEPRFGRRIGNEFAVGSSVLFDCNPGYILHGSIAIRCETVPNSLAQWNDSLPTCIVPCGGILTKRKGTILSPGYPEPYDNNLNCVWKITVPEGAGIQVQVVSFATEHNWDSLDFYDGGDNNAPRLGSYSGTTIPHLLNSTSNNLYLNFQSDISVSAAGFHLEYTAIGLDSCPEPQTPSSGIKIGDRYMVGDVVSFQCDQGYSLQGHSHITCMPGPVRRWNYPIPICLAQCGGAMSDFSGVILSPGFPGNYPSSLDCTWTINLPIGFGVHLQFVNFSTETIHDYLEVRSGSSETSTVIGRLSGPQIPSSLFSTTHETSLYFHSDYSQNKQGFHIVYQAYQLQSCPDPRPFRNGFVIGNDFTVGQTISFECFPGYTLIGNSALTCLHGVSRNWNHPLPRCEALCGGNITAMNGTIYSPGYPDEYPNFQDCFWLVRVPPGNGIYINFTVLQTEPIYDFITVWDGPDQNSPQIGQFSGNTALESVYSTSNQILIKFHSDFTTSGFFVLSYHAYQLRVCQPPPPVPNAEILTEDDEFEIGDIIRYQCLPGFTLVGNAILTCRLGERLQMDGAPPVCQVLCPANELRLDSTGVILSPGYPDSYPNLQMCAWSISVEKGYNITMFVEFFQTEKEFDVLQVYDGPNIQSPVLISLSGDYSSAFNITSNGHEVFLQWSADHGNNKKGFRIRYIAFYCSTPESPPHGYIISQTGGQLNSVVRWACDRGFRLVGKSSAVCRKSSYGYHAWDAPVPACQAISCGIPKAPTNGGILTTDYLVGTRVTYFCNDGYRLSSKELTTAVCQSDGTWSNHNKTPRCVVVTCPSINSFILEHGRWRIVNGSHYEYKTKVVFSCDPGYHGLGPASIECLPNGTWSWRNERPYCQIISCGELPTPPNGNKIGTQTSYGSTAIFTCDLGFMLVGSAVRECLSSGLWSESETRCLAGHCGIPELIVNGQVIGENYGYRDTVVYQCNPGFRLIGSSVRICQQDHNWSGQLPSCVPVSCGHPGSPIYGRTSGNGFNFNDVVTFSCNIGYLMQGPTKAQCQANRQWSHPPPMCKVVNCSDPGIPANSKRESKIEHGNFTYGTVVFYDCNPGYFLFGSSVLICQPNGQWDKPLPECIMIDCGHPGVPPNAVLSGEKYTFGSTVHYSCTGKRSLLGQSSRTCQLNGHWSGSQPHCSGDATGTCGDPGTPGHGSRQESNFRTKSTVRYACDTGYILHGSEERTCLANGSWTGRQPECKAVQCGNPGTTANGKVFRIDGTTFSSSVIYSCMEGYILSGPSVRQCTANGTWSGTLPNCTIISCGDPGIPANGLRYGDDYVVGQNVSYMCQPGYTMELNGSRIRTCTINGTWSGVMPTCRAVTCPTPPQISNGRLEGTNFDWGFSISYICSPGYELSFPAVLTCVGNGTWSGEVPQCLPKFCGDPGIPAQGKREGKSFIYQSEVSFSCNFPFILVGSSTRICQADGTWSGSSPHCIEPTQTSCENPGVPRHGSQNNTFGFQVGSVVQFHCKKGHLLQGSTTRTCLPDLTWSGIQPECIPHSCKQPETPAHANVVGMDLPSHGYTLIYTCQPGFFLAGGTEHRVCRSDNTWTGKVPICEAGSKILVKDPRPALGTPSPKLSVPDDVFAQNYIWKGSYNFKGRKQPMTLTVTSFNASTGRVNATLSNSNMELLLSGVYKSQEARLMLRIYLIKVPAHASVKKMKEENWAMDGFVSAEPDGATYVFQGFIQGKDYGQFGLQRLGLNMSEGSNSSNQPHGTNSSSVAIAILVPFFALIFAGFGFYLYKQRTAPKTQYTGCSVHENNNGQAAFENPMYDTNAKSVEGKAVRFDPNLNTVCTMV
341	343	227	358	P36382	 ENSP00000484552	 992551at2759	 GJA5	 FIHIHYG	MGDWSFLGNFLEEVHKHSTVVGKVWLTVLFIFRMLVLGTAAESSWGDEQADFRCDTIQPGCQNVCYDQAFPISHIRYWVLQIIFVSTPSLVYMGHAMHTVRMQEKRKLREAERAKEVRGSGSYEYPVAEKAELSCWEEGNGRIALQGTLLNTYVCSILIRTTMEVGFIVGQYFIYGIFLTTLHVCRRSPCPHPVNCYVSRPTEKNVFIVFMLAVAALSLLLSLAELYHLGWKKIRQRFVKPRQHMAKCQLSGPSVGIVQSCTPPPDFNQCLENGPGGKFFNPFSNNMASQQNTDNLVTEQVRGQEQTPGEGFIQVRYGQKPEVPNGVSPGHRLPHGYHSDKRRLSKASSKARSDDLSV
263	265	259	365	P78310	 ENSP00000383033	 896005at2759	 CXADR	 ICNEIRE	MALLLCFVLLCGVVDFARSLSITTPEEMIEKAKGETAYLPCKFTLSPEDQGPLDIEWLISPADNQKVDQVIILYSGDKIYDDYYPDLKGRVHFTSNDLKSGDASINVTNLQLSDIGTYQCKVKKAPGVANKKIHLVVLVKPSGARCYVDGSEEIGSDFKIKCEPKEGSLPLQYEWQKLSDSQKMPTSWLAEMTSSVISVKNASSEYSGTYSCTVRNRVGSDQCLLRLNVVPPSNKAGLIAGAIIGTLLALALIGLIIFCCRKKRREEKYEKEVHHDIREDVPPPKSRTSTARSYIGSNHSSLGSMSPSNMEGYSKTQYNQVPSEDFERTPQSPTLPPAKVAAPNLSRMGAIPVMIPAQSKDGSIV
265	267	249	396	P36383	 ENSP00000467201	 692491at2759	 GJC1	 VRWKQHR	MSWSFLTRLLEEIHNHSTFVGKIWLTVLIVFRIVLTAVGGESIYYDEQSKFVCNTEQPGCENVCYDAFAPLSHVRFWVFQIILVATPSVMYLGYAIHKIAKMEHGEADKKAARSKPYAMRWKQHRALEETEEDNEEDPMMYPEMELESDKENKEQSQPKPKHDGRRRIREDGLMKIYVLQLLARTVFEVGFLIGQYFLYGFQVHPFYVCSRLPCPHKIDCFISRPTEKTIFLLIMYGVTGLCLLLNIWEMLHLGFGTIRDSLNSKRRELEDPGAYNYPFTWNTPSAPPGYNIAVKPDQIQYTELSNAKIAYKQNKANTAQEQQYGSHEENLPADLEALQREIRMAQERLDLAVQAYSHQNNPHGPREKKAKVGSKAGSNKSTASSKSGDGKTSVWI
228	230	227	254	Q9H2A7	 ENSP00000459592	 1450357at2759	 CXCL16	 CFDSGEC	MGRDLRPGSRVLLLLLLLLLVYLTQPGNGNEGSVTGSCYCGKRISSDSPPSVQFMNRLRKHLRAYHRCLYYTRFQLLSWSVCGGNKDPWVQELMSCLDLKECGHAYSGIVAHQKHLLPTSPPISQASEGASSDIHTPAQMLLSTLQSTQRPTLPVGSLSSDKELTRPNETTIHTAGHSLAAGPEAGENQKQPEKNAGPTARTSATVPVLCLLAIIFILTAALSYVLCKRRRGQSPQSSPDLPVHYIPVAPDSNT
437	439	398	470	Q9H295	 ENSP00000480546	 821078at2759	 DCSTAMP	 LISWNQT	MGIWTSGTDIFLSLWEIYVSPRSPGWMDFIQHLGVCCLVALISVGLLSVAACWFLPSIIAAAASWIITCVLLCCSKHARCFILLVFLSCGLREGRNALIAAGTGIVILGHVENIFHNFKGLLDGMTCNLRAKSFSIHFPLLKKYIEAIQWIYGLATPLSVFDDLVSWNQTLAVSLFSPSHVLEAQLNDSKGEVLSVLYQMATTTEVLSSLGQKLLAFAGLSLVLLGTGLFMKRFLGPCGWKYENIYITRQFVQFDERERHQQRPCVLPLNKEERRKYVIIPTFWPTPKERKNLGLFFLPILIHLCIWVLFAAVDYLLYRLIFSVSKQFQSLPGFEVHLKLHGEKQGTQDIIHDSSFNISVFEPNCIPKPKFLLSETWVPLSVILLILVMLGLLSSILMQLKILVSASFYPSVERKRIQYLHAKLLKKRSKQPLGEVKRRLSLYLTKIHFWLPVLKMIRKKQMDMASADKS
171	173	158	1042	Q9Y4D2	 ENSP00000257215	 191418at2759	 DAGLA	 MVAPESP	MPGIVVFRRRWSVGSDDLVLPAIFLFLLHTTWFVILSVVLFGLVYNPHEACSLNLVDHGRGYLGILLSCMIAEMAIIWLSMRGGILYTEPRDSMQYVLYVRLAILVIEFIYAIVGIVWLTQYYTSCNDLTAKNVTLGMVVCNWVVILSVCITVLCVFDPTGRTFVKLRATKRRQRNLRTYNLRHRLEEGQATSWSRRLKVFLCCTRTKDSQSDAYSEIAYLFAEFFRDLDIVPSDIIAGLVLLRQRQRAKRNAVLDEANNDILAFLSGMPVTRNTKYLDLKNSQEMLRYKEVCYYMLFALAAYGWPMYLMRKPACGLCQLARSCSCCLCPARPRFAPGVTIEEDNCCGCNAIAIRRHFLDENMTAVDIVYTSCHDAVYETPFYVAVDHDKKKVVISIRGTLSPKDALTDLTGDAERLPVEGHHGTWLGHKGMVLSAEYIKKKLEQEMVLSQAFGRDLGRGTKHYGLIVVGHSLGAGTAAILSFLLRPQYPTLKCFAYSPPGGLLSEDAMEYSKEFVTAVVLGKDLVPRIGLSQLEGFRRQLLDVLQRSTKPKWRIIVGATKCIPKSELPEEVEVTTLASTRLWTHPSDLTIALSASTPLYPPGRIIHVVHNHPAEQCCCCEQEEPTYFAIWGDNKAFNEVIISPAMLHEHLPYVVMEGLNKVLENYNKGKTALLSAAKVMVSPTEVDLTPELIFQQQPLPTGPPMPTGLALELPTADHRNSSVRSKSQSEMSLEGFSEGRLLSPVVAAAARQDPVELLLLSTQERLAAELQARRAPLATMESLSDTESLYSFDSRRSSGFRSIRGSPSLHAVLERDEGHLFYIDPAIPEENPSLSSRTELLAADSLSKHSQDTQPLEAALGSGGVTPERPPSAAANDEEEEVGGGGGGPASRGELALHNGRLGDSPSPQVLEFAEFIDSLFNLDSKSSSFQDLYCMVVPESPTSDYAEGPKSPSQQEILLRAQFEPNLVPKPPRLFAGSADPSSGISLSPSFPLSSSGELMDLTPTGLSSQECLAADKIRTSTPTGHGASPAKQDELVISAR
509	511	154	672	Q8NCG7	 ENSP00000391171	 191418at2759	 DAGLB	 WACLGAV	MPGMVLFGRRWAIASDDLVFPGFFELVVRVLWWIGILTLYLMHRGKLDCAGGALLSSYLIVLMILLAVVICTVSAIMCVSMRGTICNPGPRKSMSKLLYIRLALFFPEMVWASLGAAWVADGVQCDRTVVNGIIATVVVSWIIIAATVVSIIIVFDPLGGKMAPYSSAGPSHLDSHDSSQLLNGLKTAATSVWETRIKLLCCCIGKDDHTRVAFSSTAELFSTYFSDTDLVPSDIAAGLALLHQQQDNIRNNQEPAQVVCHAPGSSQEADLDAELENCHHYMQFAAAAYGWPLYIYRNPLTGLCRIGGDCCRSRTTDYDLVGGDQLNCHFGSILHTTGLQYRDFIHVSFHDKVYELPFLVALDHRKESVVVAVRGTMSLQDVLTDLSAESEVLDVECEVQDRLAHKGISQAARYVYQRLINDGILSQAFSIAPEYRLVIVGHSLGGGAAALLATMLRAAYPQVRCYAFSPPRGLWSKALQEYSQSFIVSLVLGKDVIPRLSVTNLEDLKRRILRVVAHCNKPKYKILLHGLWYELFGGNPNNLPTELDGGDQEVLTQPLLGEQSLLTRWSPAYSFSSDSPLDSSPKYPPLYPPGRIIHLQEEGASGRFGCCSAAHYSAKWSHEAEFSKILIGPKMLTDHMPDILMRALDSVVSDRAACVSCPAQGVSSVDVA
